4736;19;0.282;0.08159999;0;0.96059299;Fora Ponta
4735;19;0.28169999;0.08159999;0;0.96051392;Fora Ponta
4734;19;0.28709999;0.08399999;0;0.95976378;Fora Ponta
4733;19;0.28769999;0.0774;0;0.96566435;Fora Ponta
4732;19;0.2961;0.08429999;0;0.96178092;Fora Ponta
4731;19;0.29969999;0.0852;0;0.96188644;Fora Ponta
4730;19;0.30119999;0.0906;0;0.95761601;Fora Ponta
4729;19;0.28769999;0.08399999;0;0.95992148;Fora Ponta
4728;19;0.29009999;0.08489999;0;0.95974393;Fora Ponta
4727;19;0.2814;0.07859999;0;0.96313445;Fora Ponta
4726;19;0.28169999;0.0771;0;0.96452638;Fora Ponta
4725;19;0.2859;0.07319999;0;0.96875159;Fora Ponta
4724;19;0.29519999;0.07499999;0;0.96920838;Fora Ponta
4723;19;0.2955;0.0759;0;0.96856065;Fora Ponta
4722;19;0.30089999;0.07979999;0;0.96658592;Fora Ponta
4721;19;0.3024;0.0798;0;0.96690035;Fora Ponta
4720;19;0.28379999;0.0744;0;0.96731252;Fora Ponta
4719;19;0.2955;0.07979999;0;0.96541674;Fora Ponta
4718;19;0.3024;0.08309999;0;0.96425429;Fora Ponta
4717;19;0.3162;0.09059999;0;0.96131717;Fora Ponta
4716;19;0.3165;0.08579999;0;0.96516382;Fora Ponta
4715;19;0.315;0.0822;0;0.96759769;Fora Ponta
4714;19;0.31079999;0.0801;0;0.96835752;Fora Ponta
4713;19;0.30089999;0.0771;0;0.96870555;Fora Ponta
4712;19;0.3045;0.0774;0;0.96918012;Fora Ponta
4711;19;0.29729999;0.0768;0;0.96821629;Fora Ponta
4710;19;0.2946;0.08159999;0;0.96371448;Fora Ponta
4709;19;0.30029999;0.08309999;0;0.96377953;Fora Ponta
4708;19;0.2961;0.08159999;0;0.96406166;Fora Ponta
4707;19;0.29309999;0.08399999;0;0.96130085;Fora Ponta
4706;19;0.2952;0.08429999;0;0.96156081;Fora Ponta
4705;19;0.26999999;0.07619999;0;0.96240668;Fora Ponta
4704;18;0.2547;0.0756;0;0.9586613;Fora Ponta
4703;18;0.26039999;0.07709999;0;0.95885381;Fora Ponta
4702;18;0.26999999;0.07709999;0;0.96156425;Fora Ponta
4701;18;0.24359999;0.07019999;0;0.96089628;Fora Ponta
4700;18;0.23249999;0.0633;0;0.96487865;Fora Ponta
4699;18;0.2304;0.0624;0;0.96522637;Fora Ponta
4698;18;0.2193;0.0627;0;0.96147429;Fora Ponta
4697;18;0.21689999;0.0633;0;0.95995537;Fora Ponta
4696;18;0.22199999;0.0645;0;0.96029016;Fora Ponta
4695;18;0.21059999;0.05699999;0;0.96526972;Fora Ponta
4694;18;0.20099999;0.05369999;0;0.96611517;Fora Ponta
4693;18;0.1992;0.05339999;0;0.96589609;Fora Ponta
4692;18;0.18989999;0.0489;0;0.96840853;Fora Ponta
4691;18;0.18389999;0.0504;0;0.96443631;Fora Ponta
4690;18;0.1818;0.04829999;0;0.96647275;Fora Ponta
4689;18;0.1848;0.0498;0;0.96555519;Fora Ponta
4688;18;0.183;0.05039999;0;0.9641043;Fora Ponta
4687;18;0.18719999;0.05189999;0;0.96365053;Fora Ponta
4686;18;0.18929999;0.05189999;0;0.96441025;Fora Ponta
4685;18;0.1923;0.05339999;0;0.96353944;Fora Ponta
4684;18;0.1863;0.05249999;0;0.96251195;Fora Ponta
4683;18;0.19349999;0.05219999;0;0.96548556;Fora Ponta
4682;18;0.21329999;0.0576;0;0.96541883;Fora Ponta
4681;18;0.22799999;0.063;0;0.96388042;Fora Ponta
4680;18;0.2283;0.06359999;0;0.96331815;Fora Ponta
4679;18;0.23759999;0.0705;0;0.95868813;Fora Ponta
4678;18;0.23939999;0.06659999;0;0.96341405;Fora Ponta
4677;18;0.23639999;0.0687;0;0.96027251;Fora Ponta
4676;18;0.23129999;0.06839999;0;0.95894854;Fora Ponta
4675;18;0.23309999;0.0687;0;0.95920809;Fora Ponta
4674;18;0.23399999;0.06449999;0;0.96404722;Fora Ponta
4673;18;0.24059999;0.06209999;0;0.9682679;Fora Ponta
4672;18;0.2445;0.0675;0;0.96394032;Fora Ponta
4671;18;0.2562;0.0678;0;0.96672169;Fora Ponta
4670;18;0.2697;0.07709999;0;0.96148357;Fora Ponta
4669;18;0.2484;0.07229999;0;0.9601557;Fora Ponta
4668;18;0.2517;0.0711;0;0.96234202;Fora Ponta
4667;18;0.2532;0.0726;0;0.96126565;Fora Ponta
4666;18;0.26039999;0.075;0;0.9609369;Fora Ponta
4665;18;0.26999999;0.0774;0;0.96128174;Fora Ponta
4664;18;0.2769;0.0774;0;0.96308313;Fora Ponta
4663;18;0.2874;0.0807;0;0.96276544;Fora Ponta
4662;18;0.2853;0.0759;0;0.96638656;Fora Ponta
4661;18;0.28619999;0.0804;0;0.96273308;Fora Ponta
4660;18;0.2991;0.08939999;0;0.95811673;Fora Ponta
4659;18;0.30479999;0.0906;0;0.95855028;Fora Ponta
4658;18;0.294;0.08879999;0;0.9572869;Fora Ponta
4657;18;0.28709999;0.0837;0;0.96003369;Fora Ponta
4656;18;0.30029999;0.08729999;0;0.96024673;Fora Ponta
4655;18;0.303;0.08819999;0;0.96014892;Fora Ponta
4654;18;0.2925;0.0807;0;0.96398387;Fora Ponta
4653;18;0.30689999;0.0822;0;0.96595226;Fora Ponta
4652;18;0.30899999;0.07949999;0;0.96846052;Fora Ponta
4651;18;0.31499999;0.0822;0;0.96759769;Fora Ponta
4650;18;0.33509999;0.09;0;0.96577419;Fora Ponta
4649;18;0.3384;0.09929999;0;0.9595414;Fora Ponta
4648;18;0.34049999;0.09899999;0;0.96023654;Fora Ponta
4647;18;0.34409999;0.0933;0;0.96515113;Fora Ponta
4646;18;0.35159999;0.09839999;0;0.96299814;Fora Ponta
4645;18;0.3636;0.10019999;0;0.96406289;Fora Ponta
4644;18;0.36929999;0.09809999;0;0.96648208;Fora Ponta
4643;18;0.39269999;0.11099999;0;0.96229685;Fora Ponta
4642;18;0.4065;0.10949999;0;0.96558134;Fora Ponta
4641;18;0.40709999;0.10559999;0;0.9679648;Fora Ponta
4640;18;0.3942;0.10499999;0;0.96630813;Fora Ponta
4639;18;0.39479999;0.1059;0;0.96585627;Fora Ponta
4638;18;0.4203;0.1161;0;0.96390133;Fora Ponta
4637;18;0.4125;0.11039999;0;0.96600133;Fora Ponta
4636;18;0.40379999;0.10829999;0;0.96586473;Fora Ponta
4635;18;0.41099999;0.1083;0;0.9669922;Fora Ponta
4634;18;0.41999999;0.10859999;0;0.96815847;Fora Ponta
4633;18;0.4095;0.1104;0;0.96552691;Fora Ponta
4632;18;0.3852;0.1038;0;0.96555764;Fora Ponta
4631;18;0.37079999;0.09509999;0;0.96864936;Fora Ponta
4630;18;0.3681;0.09359999;0;0.96915893;Fora Ponta
4629;18;0.37709999;0.09809999;0;0.96778874;Fora Ponta
4628;18;0.37709999;0.0987;0;0.96741263;Fora Ponta
4627;18;0.3666;0.0912;0;0.97042213;Fora Ponta
4626;18;0.36719999;0.0936;0;0.96901453;Fora Ponta
4625;18;0.37229999;0.0939;0;0.96963482;Fora Ponta
4624;18;0.37229999;0.09839999;0;0.96680151;Fora Ponta
4623;18;0.37529999;0.10049999;0;0.96596527;Fora Ponta
4622;18;0.3738;0.09509999;0;0.96912759;Fora Ponta
4621;18;0.37499999;0.0948;0;0.9695004;Fora Ponta
4620;18;0.38459999;0.096;0;0.97023147;Fora Ponta
4619;18;0.38459999;0.09779999;0;0.96915629;Fora Ponta
4618;18;0.38969999;0.09659999;0;0.97062406;Fora Ponta
4617;18;0.3954;0.0978;0;0.97074602;Fora Ponta
4616;18;0.39239999;0.0927;0;0.97321186;Fora Ponta
4615;18;0.3954;0.09689999;0;0.97125907;Fora Ponta
4614;18;0.3876;0.09419999;0;0.97171426;Fora Ponta
4613;18;0.38189999;0.093;0;0.97160598;Fora Ponta
4612;18;0.3726;0.0894;0;0.97240151;Fora Ponta
4611;18;0.354;0.08609999;0;0.97167271;Fora Ponta
4610;18;0.3438;0.08459999;0;0.97103302;Fora Ponta
4609;18;0.34769999;0.0867;0;0.97029005;Fora Ponta
4608;17;0.3459;0.08129999;0;0.9734725;Fora Ponta
4607;17;0.31229999;0.07469999;0;0.9725651;Fora Ponta
4606;17;0.29879999;0.0768;0;0.96851973;Fora Ponta
4605;17;0.26639999;0.0696;0;0.96752464;Fora Ponta
4604;17;0.24989999;0.06359999;0;0.96910728;Fora Ponta
4603;17;0.23219999;0.06179999;0;0.96635916;Fora Ponta
4602;17;0.22679999;0.0615;0;0.96514579;Fora Ponta
4601;17;0.21839999;0.05879999;0;0.96561575;Fora Ponta
4600;17;0.22109999;0.0576;0;0.96770088;Fora Ponta
4599;17;0.20909999;0.05459999;0;0.96755827;Fora Ponta
4598;17;0.20279999;0.05399999;0;0.96632977;Fora Ponta
4597;17;0.20009999;0.05339999;0;0.96618683;Fora Ponta
4596;17;0.19649999;0.0519;0;0.96684469;Fora Ponta
4595;17;0.186;0.0498;0;0.96597585;Fora Ponta
4594;17;0.18719999;0.04949999;0;0.96677282;Fora Ponta
4593;17;0.19349999;0.0489;0;0.9695204;Ponta
4592;17;0.2037;0.0537;0;0.96696376;Ponta
4591;17;0.1926;0.05219999;0;0.96517893;Ponta
4590;17;0.20189999;0.0573;0;0.96200791;Ponta
4589;17;0.2043;0.05879999;0;0.96098963;Ponta
4588;17;0.2001;0.0603;0;0.95746997;Ponta
4587;17;0.20219999;0.0633;0;0.95432868;Ponta
4586;17;0.21359999;0.0615;0;0.9609617;Ponta
4585;17;0.21419999;0.0633;0;0.95900111;Ponta
4584;17;0.23159999;0.0639;0;0.96398157;Ponta
4583;17;0.23069999;0.06299999;0;0.96467692;Ponta
4582;17;0.2163;0.0642;0;0.95866386;Ponta
4581;17;0.2112;0.0642;0;0.95677258;Fora Ponta
4580;17;0.21299999;0.0597;0;0.96289356;Fora Ponta
4579;17;0.22199999;0.06089999;0;0.96437179;Fora Ponta
4578;17;0.2292;0.0678;0;0.95892463;Fora Ponta
4577;17;0.2328;0.06839999;0;0.95944421;Fora Ponta
4576;17;0.23729999;0.06689999;0;0.96248227;Fora Ponta
4575;17;0.2484;0.072;0;0.96046636;Fora Ponta
4574;17;0.25949999;0.072;0;0.96359766;Fora Ponta
4573;17;0.2568;0.06839999;0;0.96630984;Fora Ponta
4572;17;0.2637;0.0708;0;0.96579587;Fora Ponta
4571;17;0.26039999;0.0741;0;0.9618161;Fora Ponta
4570;17;0.2724;0.0783;0;0.96108335;Fora Ponta
4569;17;0.28319999;0.0822;0;0.96036379;Fora Ponta
4568;17;0.28709999;0.07859999;0;0.96450752;Fora Ponta
4567;17;0.27959999;0.07469999;0;0.96611439;Fora Ponta
4566;17;0.2883;0.07769999;0;0.96554781;Fora Ponta
4565;17;0.29279999;0.0783;0;0.96605398;Fora Ponta
4564;17;0.30179999;0.08129999;0;0.96557867;Fora Ponta
4563;17;0.28859999;0.0861;0;0.95826382;Fora Ponta
4562;17;0.3;0.09;0;0.95782628;Fora Ponta
4561;17;0.30269999;0.08579999;0;0.96209754;Fora Ponta
4560;17;0.2991;0.08549999;0;0.96148754;Fora Ponta
4559;17;0.30749999;0.0891;0;0.96049178;Fora Ponta
4558;17;0.31109999;0.08309999;0;0.96612661;Fora Ponta
4557;17;0.3066;0.07859999;0;0.96867555;Fora Ponta
4556;17;0.3198;0.0804;0;0.96982055;Fora Ponta
4555;17;0.3354;0.08579999;0;0.9688027;Fora Ponta
4554;17;0.3399;0.09029999;0;0.9664752;Fora Ponta
4553;17;0.35489999;0.09809999;0;0.96385564;Fora Ponta
4552;17;0.36419999;0.10409999;0;0.96149405;Fora Ponta
4551;17;0.3756;0.10379999;0;0.96387001;Fora Ponta
4550;17;0.3816;0.1047;0;0.96436029;Fora Ponta
4549;17;0.37679999;0.1017;0;0.96545229;Fora Ponta
4548;17;0.3981;0.10769999;0;0.96529898;Fora Ponta
4547;17;0.39329999;0.10919999;0;0.96354949;Fora Ponta
4546;17;0.40379999;0.1083;0;0.96586473;Fora Ponta
4545;17;0.4152;0.10919999;0;0.96711073;Fora Ponta
4544;17;0.408;0.1056;0;0.96809929;Fora Ponta
4543;17;0.40799999;0.10859999;0;0.96635277;Fora Ponta
4542;17;0.4149;0.10709999;0;0.96826092;Fora Ponta
4541;17;0.42419999;0.10889999;0;0.96859198;Fora Ponta
4540;17;0.41189999;0.1122;0;0.96484485;Fora Ponta
4539;17;0.4272;0.11099999;0;0.96786222;Fora Ponta
4538;17;0.40229999;0.1005;0;0.97018504;Fora Ponta
4537;17;0.40169999;0.1026;0;0.96889556;Fora Ponta
4536;17;0.39569999;0.09929999;0;0.96992583;Fora Ponta
4535;17;0.3717;0.0909;0;0.97137488;Fora Ponta
4534;17;0.3615;0.08789999;0;0.97168762;Fora Ponta
4533;17;0.3684;0.0912;0;0.97069791;Fora Ponta
4532;17;0.3621;0.0933;0;0.96837118;Fora Ponta
4531;17;0.3849;0.0939;0;0.97150758;Fora Ponta
4530;17;0.38489999;0.0987;0;0.9686592;Fora Ponta
4529;17;0.39659999;0.1011;0;0.96901109;Fora Ponta
4528;17;0.39509999;0.10289999;0;0.96771863;Fora Ponta
4527;17;0.39539999;0.10199999;0;0.96830025;Fora Ponta
4526;17;0.40139999;0.0996;0;0.97056769;Fora Ponta
4525;17;0.39779999;0.0993;0;0.97022852;Fora Ponta
4524;17;0.39479999;0.0987;0;0.9701425;Fora Ponta
4523;17;0.4014;0.1011;0;0.96971467;Fora Ponta
4522;17;0.39029999;0.0978;0;0.97001078;Fora Ponta
4521;17;0.3852;0.0915;0;0.97292803;Fora Ponta
4520;17;0.3873;0.09359999;0;0.97201703;Fora Ponta
4519;17;0.39779999;0.09659999;0;0.9717585;Fora Ponta
4518;17;0.3771;0.09029999;0;0.97250656;Fora Ponta
4517;17;0.3675;0.09059999;0;0.97092991;Fora Ponta
4516;17;0.36719999;0.0933;0;0.96920377;Fora Ponta
4515;17;0.35609999;0.09059999;0;0.96912555;Fora Ponta
4514;17;0.3495;0.0876;0;0.96999539;Fora Ponta
4513;17;0.34559999;0.0828;0;0.97247917;Fora Ponta
4512;16;0.33719999;0.0783;0;0.97408356;Fora Ponta
4511;16;0.3288;0.0756;0;0.97457072;Fora Ponta
4510;16;0.29789999;0.0744;0;0.97019994;Fora Ponta
4509;16;0.2688;0.0696;0;0.96807462;Fora Ponta
4508;16;0.246;0.0642;0;0.9675922;Fora Ponta
4507;16;0.23609999;0.06299999;0;0.96619417;Fora Ponta
4506;16;0.2289;0.0606;0;0.966696;Fora Ponta
4505;16;0.2334;0.06119999;0;0.96729962;Fora Ponta
4504;16;0.22319999;0.0576;0;0.96827732;Fora Ponta
4503;16;0.21509999;0.05399999;0;0.96990331;Fora Ponta
4502;16;0.20189999;0.05009999;0;0.97056517;Fora Ponta
4501;16;0.2004;0.05159999;0;0.96841295;Fora Ponta
4500;16;0.20339999;0.05279999;0;0.96791978;Fora Ponta
4499;16;0.20099999;0.05489999;0;0.96466407;Fora Ponta
4498;16;0.19349999;0.05309999;0;0.96434859;Fora Ponta
4497;16;0.19979999;0.05339999;0;0.96609033;Ponta
4496;16;0.207;0.05249999;0;0.96931051;Ponta
4495;16;0.20459999;0.05249999;0;0.96862004;Ponta
4494;16;0.20009999;0.05219999;0;0.96761727;Ponta
4493;16;0.20759999;0.05699999;0;0.96431219;Ponta
4492;16;0.21449999;0.06059999;0;0.96233237;Ponta
4491;16;0.2187;0.0633;0;0.96057352;Ponta
4490;16;0.2118;0.0645;0;0.95662463;Ponta
4489;16;0.21449999;0.0663;0;0.95540264;Ponta
4488;16;0.22229999;0.0693;0;0.95468607;Ponta
4487;16;0.2187;0.06689999;0;0.95625987;Ponta
4486;16;0.21539999;0.0678;0;0.95386334;Ponta
4485;16;0.22709999;0.07379999;0;0.9510433;Fora Ponta
4484;16;0.2271;0.0696;0;0.95610611;Fora Ponta
4483;16;0.22259999;0.06659999;0;0.95803924;Fora Ponta
4482;16;0.23789999;0.0711;0;0.95812505;Fora Ponta
4481;16;0.24539999;0.066;0;0.96568411;Fora Ponta
4480;16;0.24659999;0.0675;0;0.9645197;Fora Ponta
4479;16;0.2517;0.0717;0;0.96173993;Fora Ponta
4478;16;0.24749999;0.0663;0;0.96594282;Fora Ponta
4477;16;0.2541;0.0696;0;0.96447418;Fora Ponta
4476;16;0.2571;0.0711;0;0.96382341;Fora Ponta
4475;16;0.2577;0.06989999;0;0.96512589;Fora Ponta
4474;16;0.26639999;0.0708;0;0.96645136;Fora Ponta
4473;16;0.2742;0.08009999;0;0.95988229;Fora Ponta
4472;16;0.2859;0.0765;0;0.96601587;Fora Ponta
4471;16;0.2895;0.07859999;0;0.96506321;Fora Ponta
4470;16;0.2823;0.07859999;0;0.96335639;Fora Ponta
4469;16;0.28919999;0.0798;0;0.96397493;Fora Ponta
4468;16;0.3066;0.0876;0;0.96152394;Fora Ponta
4467;16;0.32399999;0.08969999;0;0.96374767;Fora Ponta
4466;16;0.31379999;0.0867;0;0.96388664;Fora Ponta
4465;16;0.32459999;0.09179999;0;0.96225878;Fora Ponta
4464;16;0.3165;0.0891;0;0.96258402;Fora Ponta
4463;16;0.3198;0.0915;0;0.96142177;Fora Ponta
4462;16;0.31499999;0.08729999;0;0.96367552;Fora Ponta
4461;16;0.3171;0.08489999;0;0.96597659;Fora Ponta
4460;16;0.3216;0.0831;0;0.96819973;Fora Ponta
4459;16;0.3255;0.0894;0;0.96429055;Fora Ponta
4458;16;0.34109999;0.09029999;0;0.96669904;Fora Ponta
4457;16;0.3303;0.08399999;0;0.96915071;Fora Ponta
4456;16;0.32639999;0.08399999;0;0.96844384;Fora Ponta
4455;16;0.33809999;0.0831;0;0.97109789;Fora Ponta
4454;16;0.354;0.0885;0;0.9701425;Fora Ponta
4453;16;0.3681;0.0924;0;0.96990956;Fora Ponta
4452;16;0.36479999;0.0912;0;0.9701425;Fora Ponta
4451;16;0.3735;0.09209999;0;0.97091733;Fora Ponta
4450;16;0.38189999;0.0957;0;0.97000788;Fora Ponta
4449;16;0.40709999;0.1035;0;0.96916853;Fora Ponta
4448;16;0.4086;0.09989999;0;0.97138803;Fora Ponta
4447;16;0.41579999;0.10289999;0;0.97071653;Fora Ponta
4446;16;0.4254;0.10469999;0;0.97102221;Fora Ponta
4445;16;0.4251;0.10139999;0;0.97271038;Fora Ponta
4444;16;0.42179999;0.1059;0;0.96989854;Fora Ponta
4443;16;0.4236;0.10739999;0;0.96932948;Fora Ponta
4442;16;0.41969999;0.10619999;0;0.96944558;Fora Ponta
4441;16;0.39959999;0.10139999;0;0.96928035;Fora Ponta
4440;16;0.39149999;0.09779999;0;0.97018621;Fora Ponta
4439;16;0.3984;0.1035;0;0.96787218;Fora Ponta
4438;16;0.37139999;0.09569999;0;0.96836883;Fora Ponta
4437;16;0.3681;0.093;0;0.96953524;Fora Ponta
4436;16;0.37499999;0.0948;0;0.9695004;Fora Ponta
4435;16;0.387;0.10199999;0;0.96697736;Fora Ponta
4434;16;0.3801;0.10199999;0;0.96582887;Fora Ponta
4433;16;0.37979999;0.10139999;0;0.96615889;Fora Ponta
4432;16;0.36539999;0.0915;0;0.97004873;Fora Ponta
4431;16;0.384;0.10139999;0;0.96685893;Fora Ponta
4430;16;0.38699999;0.10199999;0;0.96697736;Fora Ponta
4429;16;0.3771;0.0948;0;0.96982397;Fora Ponta
4428;16;0.38549999;0.09419999;0;0.97141837;Fora Ponta
4427;16;0.3777;0.09509999;0;0.96973335;Fora Ponta
4426;16;0.39179999;0.096;0;0.97126925;Fora Ponta
4425;16;0.3816;0.09239999;0;0.97191368;Fora Ponta
4424;16;0.3741;0.0924;0;0.97082554;Fora Ponta
4423;16;0.3768;0.0996;0;0.96679477;Fora Ponta
4422;16;0.3831;0.09719999;0;0.96928823;Fora Ponta
4421;16;0.36149999;0.08879999;0;0.97112987;Fora Ponta
4420;16;0.36689999;0.0936;0;0.96896617;Fora Ponta
4419;16;0.3489;0.0909;0;0.96769674;Fora Ponta
4418;16;0.3378;0.08399999;0;0.97044592;Fora Ponta
4417;16;0.33449999;0.0831;0;0.97049984;Fora Ponta
4416;15;0.32339999;0.0828;0;0.9687525;Fora Ponta
4415;15;0.30269999;0.07619999;0;0.96974546;Fora Ponta
4414;15;0.28709999;0.07289999;0;0.96924227;Fora Ponta
4413;15;0.2661;0.0642;0;0.97210806;Fora Ponta
4412;15;0.2349;0.05579999;0;0.97292607;Fora Ponta
4411;15;0.2394;0.0612;0;0.96884336;Fora Ponta
4410;15;0.22709999;0.0645;0;0.96195433;Fora Ponta
4409;15;0.21689999;0.06209999;0;0.96137327;Fora Ponta
4408;15;0.21359999;0.06089999;0;0.9616767;Fora Ponta
4407;15;0.2007;0.05399999;0;0.96565755;Fora Ponta
4406;15;0.19469999;0.0513;0;0.96699729;Fora Ponta
4405;15;0.1911;0.0489;0;0.96878571;Fora Ponta
4404;15;0.1965;0.04949999;0;0.9697055;Fora Ponta
4403;15;0.1848;0.04589999;0;0.97051207;Fora Ponta
4402;15;0.1929;0.04799999;0;0.97040824;Fora Ponta
4401;15;0.1941;0.0465;0;0.97248272;Ponta
4400;15;0.19349999;0.04829999;0;0.97023091;Ponta
4399;15;0.18899999;0.0465;0;0.97104239;Ponta
4398;15;0.20039999;0.05039999;0;0.96979993;Ponta
4397;15;0.19439999;0.04829999;0;0.97049387;Ponta
4396;15;0.1926;0.04589999;0;0.97275742;Ponta
4395;15;0.1977;0.04769999;0;0.9721054;Ponta
4394;15;0.20309999;0.0477;0;0.97351137;Ponta
4393;15;0.2082;0.048;0;0.9744385;Ponta
4392;15;0.20549999;0.04949999;0;0.97219372;Ponta
4391;15;0.21209999;0.0492;0;0.97413512;Ponta
4390;15;0.21209999;0.0516;0;0.97165907;Ponta
4389;15;0.21959999;0.05879999;0;0.9659716;Fora Ponta
4388;15;0.23099999;0.06;0;0.9678837;Fora Ponta
4387;15;0.2292;0.0663;0;0.96061727;Fora Ponta
4386;15;0.2397;0.0678;0;0.96224771;Fora Ponta
4385;15;0.2454;0.0735;0;0.95795511;Fora Ponta
4384;15;0.22799999;0.0663;0;0.96022609;Fora Ponta
4383;15;0.23429999;0.0654;0;0.96318144;Fora Ponta
4382;15;0.24209999;0.0663;0;0.96448748;Fora Ponta
4381;15;0.23519999;0.06509999;0;0.96376406;Fora Ponta
4380;15;0.23609999;0.06659999;0;0.96244148;Fora Ponta
4379;15;0.24299999;0.06509999;0;0.9659374;Fora Ponta
4378;15;0.24869999;0.0711;0;0.96148016;Fora Ponta
4377;15;0.24839999;0.0717;0;0.96077603;Fora Ponta
4376;15;0.2538;0.07289999;0;0.96113715;Fora Ponta
4375;15;0.26069999;0.06899999;0;0.96671332;Fora Ponta
4374;15;0.26999999;0.07319999;0;0.96515869;Fora Ponta
4373;15;0.2829;0.075;0;0.9666082;Fora Ponta
4372;15;0.288;0.07859999;0;0.96471742;Fora Ponta
4371;15;0.28319999;0.0867;0;0.95619416;Fora Ponta
4370;15;0.2895;0.0909;0;0.95407448;Fora Ponta
4369;15;0.2895;0.087;0;0.9576896;Fora Ponta
4368;15;0.29159999;0.08339999;0;0.96144925;Fora Ponta
4367;15;0.2928;0.08429999;0;0.96096465;Fora Ponta
4366;15;0.2985;0.0882;0;0.95901175;Fora Ponta
4365;15;0.2964;0.08129999;0;0.96437987;Fora Ponta
4364;15;0.29369999;0.07469999;0;0.96914448;Fora Ponta
4363;15;0.30569999;0.0804;0;0.9671114;Fora Ponta
4362;15;0.3186;0.0822;0;0.96829155;Fora Ponta
4361;15;0.3141;0.08579999;0;0.96465743;Fora Ponta
4360;15;0.3324;0.0915;0;0.96413862;Fora Ponta
4359;15;0.3363;0.0924;0;0.96426584;Fora Ponta
4358;15;0.3453;0.09419999;0;0.96474447;Fora Ponta
4357;15;0.3354;0.0915;0;0.9647439;Fora Ponta
4356;15;0.3468;0.09689999;0;0.96311097;Fora Ponta
4355;15;0.33809999;0.0915;0;0.96527588;Fora Ponta
4354;15;0.36239999;0.10289999;0;0.9619734;Fora Ponta
4353;15;0.36329999;0.0933;0;0.96857005;Fora Ponta
4352;15;0.3624;0.09359999;0;0.96822725;Fora Ponta
4351;15;0.37289999;0.09689999;0;0.96785663;Fora Ponta
4350;15;0.39689999;0.1059;0;0.96619856;Fora Ponta
4349;15;0.3951;0.1002;0;0.96931433;Fora Ponta
4348;15;0.3792;0.09989999;0;0.96700513;Fora Ponta
4347;15;0.37949999;0.1005;0;0.96667742;Fora Ponta
4346;15;0.36959999;0.09689999;0;0.96730804;Fora Ponta
4345;15;0.36149999;0.0894;0;0.97075542;Fora Ponta
4344;15;0.3579;0.0882;0;0.97095091;Fora Ponta
4343;15;0.33809999;0.0828;0;0.97129731;Fora Ponta
4342;15;0.3453;0.08339999;0;0.97204898;Fora Ponta
4341;15;0.3369;0.08099999;0;0.97229291;Fora Ponta
4340;15;0.33119999;0.0789;0;0.97277784;Fora Ponta
4339;15;0.3369;0.07889999;0;0.97365542;Fora Ponta
4338;15;0.3489;0.0804;0;0.97446175;Fora Ponta
4337;15;0.3411;0.0807;0;0.97313582;Fora Ponta
4336;15;0.33869999;0.07949999;0;0.97354142;Fora Ponta
4335;15;0.3477;0.08189999;0;0.97336206;Fora Ponta
4334;15;0.36479999;0.08369999;0;0.97467411;Fora Ponta
4333;15;0.3702;0.087;0;0.9734792;Fora Ponta
4332;15;0.354;0.07859999;0;0.97622597;Fora Ponta
4331;15;0.354;0.07859999;0;0.97622597;Fora Ponta
4330;15;0.3606;0.0807;0;0.97586122;Fora Ponta
4329;15;0.3852;0.08579999;0;0.97607962;Fora Ponta
4328;15;0.36929999;0.07949999;0;0.9776044;Fora Ponta
4327;15;0.37379999;0.0822;0;0.9766642;Fora Ponta
4326;15;0.36569999;0.08399999;0;0.97461976;Fora Ponta
4325;15;0.35129999;0.0831;0;0.973144;Fora Ponta
4324;15;0.3396;0.0837;0;0.97094439;Fora Ponta
4323;15;0.3336;0.0831;0;0.97034747;Fora Ponta
4322;15;0.33629999;0.08759999;0;0.96770888;Fora Ponta
4321;15;0.3258;0.08669999;0;0.96636773;Fora Ponta
4320;14;0.3072;0.0759;0;0.97080802;Fora Ponta
4319;14;0.2976;0.0717;0;0.97218232;Fora Ponta
4318;14;0.27899999;0.0681;0;0.97147926;Fora Ponta
4317;14;0.27149999;0.06389999;0;0.97340306;Fora Ponta
4316;14;0.2373;0.05759999;0;0.97178187;Fora Ponta
4315;14;0.2244;0.0561;0;0.9701425;Fora Ponta
4314;14;0.2223;0.05549999;0;0.97021947;Fora Ponta
4313;14;0.2055;0.0549;0;0.96611779;Fora Ponta
4312;14;0.2031;0.0519;0;0.9688666;Fora Ponta
4311;14;0.1929;0.0447;0;0.97418651;Fora Ponta
4310;14;0.1863;0.04829999;0;0.96799689;Fora Ponta
4309;14;0.18599999;0.04619999;0;0.97050969;Fora Ponta
4308;14;0.18929999;0.04769999;0;0.96968883;Fora Ponta
4307;14;0.1767;0.0438;0;0.97062524;Fora Ponta
4306;14;0.17939999;0.0432;0;0.97220993;Fora Ponta
4305;14;0.1749;0.04439999;0;0.96925594;Ponta
4304;14;0.17759999;0.0432;0;0.9716676;Ponta
4303;14;0.1812;0.04559999;0;0.96976354;Ponta
4302;14;0.1827;0.0456;0;0.97023614;Ponta
4301;14;0.1824;0.04319999;0;0.97308028;Ponta
4300;14;0.1881;0.04559999;0;0.9718501;Ponta
4299;14;0.17909999;0.0456;0;0.96908306;Ponta
4298;14;0.1977;0.0498;0;0.96970816;Ponta
4297;14;0.2103;0.05369999;0;0.96891066;Ponta
4296;14;0.20609999;0.05369999;0;0.96769202;Ponta
4295;14;0.21029999;0.0579;0;0.96412623;Ponta
4294;14;0.21239999;0.06179999;0;0.96018206;Ponta
4293;14;0.2112;0.06;0;0.96193535;Fora Ponta
4292;14;0.21509999;0.0591;0;0.96426553;Fora Ponta
4291;14;0.2157;0.06359999;0;0.95917409;Fora Ponta
4290;14;0.23459999;0.0696;0;0.95869911;Fora Ponta
4289;14;0.23459999;0.0708;0;0.95735327;Fora Ponta
4288;14;0.23249999;0.0657;0;0.96231646;Fora Ponta
4287;14;0.2337;0.06689999;0;0.96138411;Fora Ponta
4286;14;0.21989999;0.0633;0;0.96097786;Fora Ponta
4285;14;0.2331;0.06539999;0;0.96282232;Fora Ponta
4284;14;0.2334;0.0645;0;0.96387205;Fora Ponta
4283;14;0.23939999;0.0681;0;0.96184168;Fora Ponta
4282;14;0.2505;0.0708;0;0.96230284;Fora Ponta
4281;14;0.25259999;0.0705;0;0.96318941;Fora Ponta
4280;14;0.24929999;0.0654;0;0.96727025;Fora Ponta
4279;14;0.26189999;0.069;0;0.96700275;Fora Ponta
4278;14;0.264;0.07469999;0;0.96222226;Fora Ponta
4277;14;0.2628;0.0741;0;0.96247175;Fora Ponta
4276;14;0.2814;0.0813;0;0.96070811;Fora Ponta
4275;14;0.2802;0.0789;0;0.96256695;Fora Ponta
4274;14;0.28229999;0.08009999;0;0.96202387;Fora Ponta
4273;14;0.285;0.0804;0;0.9624361;Fora Ponta
4272;14;0.29579999;0.08009999;0;0.96523666;Fora Ponta
4271;14;0.3003;0.0837;0;0.96328316;Fora Ponta
4270;14;0.29579999;0.07799999;0;0.96694738;Fora Ponta
4269;14;0.29159999;0.07529999;0;0.96823843;Fora Ponta
4268;14;0.2955;0.07619999;0;0.96832334;Fora Ponta
4267;14;0.29579999;0.08009999;0;0.96523666;Fora Ponta
4266;14;0.29789999;0.0807;0;0.96521104;Fora Ponta
4265;14;0.2991;0.08009999;0;0.96596102;Fora Ponta
4264;14;0.30569999;0.08189999;0;0.96593535;Fora Ponta
4263;14;0.31439999;0.08489999;0;0.9654198;Fora Ponta
4262;14;0.31079999;0.08039999;0;0.96813128;Fora Ponta
4261;14;0.33149999;0.0843;0;0.96915432;Fora Ponta
4260;14;0.3354;0.08729999;0;0.96775501;Fora Ponta
4259;14;0.3459;0.08639999;0;0.97019197;Fora Ponta
4258;14;0.34529999;0.0897;0;0.96787573;Fora Ponta
4257;14;0.34739999;0.09;0;0.96804201;Fora Ponta
4256;14;0.35429999;0.08549999;0;0.97209515;Fora Ponta
4255;14;0.3444;0.08249999;0;0.97248717;Fora Ponta
4254;14;0.34949999;0.0837;0;0.97250084;Fora Ponta
4253;14;0.3525;0.08339999;0;0.97313402;Fora Ponta
4252;14;0.35639999;0.0909;0;0.96898007;Fora Ponta
4251;14;0.35519999;0.0876;0;0.97090937;Fora Ponta
4250;14;0.35039999;0.08279999;0;0.97319817;Fora Ponta
4249;14;0.35009999;0.08759999;0;0.97009358;Fora Ponta
4248;14;0.3483;0.0867;0;0.97038783;Fora Ponta
4247;14;0.3417;0.08429999;0;0.97088995;Fora Ponta
4246;14;0.3348;0.08099999;0;0.97195877;Fora Ponta
4245;14;0.3291;0.07949999;0;0.97204037;Fora Ponta
4244;14;0.3282;0.07859999;0;0.97250015;Fora Ponta
4243;14;0.3207;0.07619999;0;0.97291352;Fora Ponta
4242;14;0.3378;0.07859999;0;0.97398139;Fora Ponta
4241;14;0.3366;0.08399999;0;0.97024414;Fora Ponta
4240;14;0.3393;0.08549999;0;0.96968689;Fora Ponta
4239;14;0.3393;0.0822;0;0.97188586;Fora Ponta
4238;14;0.3276;0.0759;0;0.97419536;Fora Ponta
4237;14;0.33149999;0.07289999;0;0.97666301;Fora Ponta
4236;14;0.3393;0.07529999;0;0.97624795;Fora Ponta
4235;14;0.33629999;0.0756;0;0.97565167;Fora Ponta
4234;14;0.33959999;0.0804;0;0.97310057;Fora Ponta
4233;14;0.3354;0.0783;0;0.9738155;Fora Ponta
4232;14;0.3378;0.07949999;0;0.97340582;Fora Ponta
4231;14;0.3354;0.0819;0;0.97145687;Fora Ponta
4230;14;0.3267;0.07799999;0;0.97266227;Fora Ponta
4229;14;0.34109999;0.07949999;0;0.97389804;Fora Ponta
4228;14;0.31679999;0.07469999;0;0.97330826;Fora Ponta
4227;14;0.32249999;0.07769999;0;0.9721817;Fora Ponta
4226;14;0.31739999;0.07949999;0;0.97003453;Fora Ponta
4225;14;0.30419999;0.0723;0;0.97289878;Fora Ponta
4224;13;0.31889999;0.07619999;0;0.97261936;Fora Ponta
4223;13;0.2913;0.06839999;0;0.97352225;Fora Ponta
4222;13;0.2694;0.06899999;0;0.96873038;Fora Ponta
4221;13;0.24689999;0.06269999;0;0.96923522;Fora Ponta
4220;13;0.22469999;0.05669999;0;0.96960711;Fora Ponta
4219;13;0.2193;0.05669999;0;0.96816351;Fora Ponta
4218;13;0.2046;0.05549999;0;0.96512214;Fora Ponta
4217;13;0.2052;0.05579999;0;0.96495889;Fora Ponta
4216;13;0.19829999;0.05459999;0;0.96412144;Fora Ponta
4215;13;0.17819999;0.04889999;0;0.96435052;Fora Ponta
4214;13;0.1818;0.0513;0;0.96241775;Fora Ponta
4213;13;0.1767;0.0513;0;0.96034622;Fora Ponta
4212;13;0.1752;0.05009999;0;0.96146179;Fora Ponta
4211;13;0.1689;0.048;0;0.96190983;Fora Ponta
4210;13;0.16499999;0.04439999;0;0.96564965;Fora Ponta
4209;13;0.16229999;0.0465;0;0.96132252;Ponta
4208;13;0.1641;0.04589999;0;0.96303712;Ponta
4207;13;0.1677;0.0465;0;0.96364129;Ponta
4206;13;0.16469999;0.04559999;0;0.96374391;Ponta
4205;13;0.1698;0.05069999;0;0.95819823;Ponta
4204;13;0.16799999;0.0471;0;0.96287467;Ponta
4203;13;0.17699999;0.0504;0;0.96176961;Ponta
4202;13;0.17369999;0.048;0;0.96387479;Ponta
4201;13;0.17069999;0.04919999;0;0.9608841;Ponta
4200;13;0.18089999;0.0513;0;0.96206393;Ponta
4199;13;0.17609999;0.05009999;0;0.9618325;Ponta
4198;13;0.18119999;0.05339999;0;0.95921363;Ponta
4197;13;0.18839999;0.05459999;0;0.96047821;Fora Ponta
4196;13;0.1974;0.05549999;0;0.96267476;Fora Ponta
4195;13;0.20999999;0.05819999;0;0.96367552;Fora Ponta
4194;13;0.20639999;0.05849999;0;0.96210227;Fora Ponta
4193;13;0.21599999;0.0654;0;0.95709145;Fora Ponta
4192;13;0.21569999;0.0648;0;0.95771623;Fora Ponta
4191;13;0.21539999;0.0633;0;0.95942931;Fora Ponta
4190;13;0.21899999;0.06509999;0;0.95854604;Fora Ponta
4189;13;0.2229;0.0624;0;0.96297747;Fora Ponta
4188;13;0.21989999;0.0582;0;0.96671482;Fora Ponta
4187;13;0.22349999;0.06089999;0;0.96482356;Fora Ponta
4186;13;0.22709999;0.0573;0;0.96961279;Fora Ponta
4185;13;0.2274;0.05789999;0;0.9690805;Fora Ponta
4184;13;0.22469999;0.0633;0;0.96253571;Fora Ponta
4183;13;0.22409999;0.063;0;0.96268242;Fora Ponta
4182;13;0.237;0.0672;0;0.96207347;Fora Ponta
4181;13;0.2349;0.07139999;0;0.9567774;Fora Ponta
4180;13;0.23759999;0.0696;0;0.95967364;Fora Ponta
4179;13;0.2211;0.0639;0;0.96068328;Fora Ponta
4178;13;0.22769999;0.0657;0;0.96080414;Fora Ponta
4177;13;0.23279999;0.06509999;0;0.96305419;Fora Ponta
4176;13;0.22919999;0.06;0;0.96740177;Fora Ponta
4175;13;0.23639999;0.0633;0;0.96596993;Fora Ponta
4174;13;0.24;0.0612;0;0.96899179;Fora Ponta
4173;13;0.23759999;0.06239999;0;0.96720096;Fora Ponta
4172;13;0.24389999;0.0633;0;0.96793259;Fora Ponta
4171;13;0.2586;0.0726;0;0.96277819;Fora Ponta
4170;13;0.25649999;0.072;0;0.96278838;Fora Ponta
4169;13;0.24539999;0.06899999;0;0.9626701;Fora Ponta
4168;13;0.2481;0.0702;0;0.9622233;Fora Ponta
4167;13;0.246;0.0675;0;0.96435557;Fora Ponta
4166;13;0.2394;0.06749999;0;0.96247391;Fora Ponta
4165;13;0.24509999;0.0663;0;0.96530706;Fora Ponta
4164;13;0.2472;0.06359999;0;0.96846052;Fora Ponta
4163;13;0.25379999;0.06869999;0;0.96526234;Fora Ponta
4162;13;0.24359999;0.0663;0;0.9649008;Fora Ponta
4161;13;0.243;0.0654;0;0.96563877;Fora Ponta
4160;13;0.24269999;0.0648;0;0.9661556;Fora Ponta
4159;13;0.24029999;0.0627;0;0.96760444;Fora Ponta
4158;13;0.24809999;0.0702;0;0.9622233;Fora Ponta
4157;13;0.246;0.0645;0;0.96730334;Fora Ponta
4156;13;0.25289999;0.06989999;0;0.9638611;Fora Ponta
4155;13;0.2448;0.07139999;0;0.96;Fora Ponta
4154;13;0.25049999;0.07619999;0;0.95671549;Fora Ponta
4153;13;0.24749999;0.07289999;0;0.95925433;Fora Ponta
4152;13;0.24899999;0.0741;0;0.95845959;Fora Ponta
4151;13;0.2517;0.0726;0;0.96082945;Fora Ponta
4150;13;0.2409;0.0672;0;0.96322518;Fora Ponta
4149;13;0.23969999;0.0639;0;0.966255;Fora Ponta
4148;13;0.25649999;0.07229999;0;0.96249491;Fora Ponta
4147;13;0.24029999;0.0642;0;0.96611472;Fora Ponta
4146;13;0.2433;0.0675;0;0.96360297;Fora Ponta
4145;13;0.23519999;0.0639;0;0.96501901;Fora Ponta
4144;13;0.23069999;0.063;0;0.96467692;Fora Ponta
4143;13;0.2418;0.0648;0;0.96591595;Fora Ponta
4142;13;0.24419999;0.06539999;0;0.96595864;Fora Ponta
4141;13;0.24509999;0.066;0;0.96560434;Fora Ponta
4140;13;0.23759999;0.06899999;0;0.96032527;Fora Ponta
4139;13;0.24239999;0.0663;0;0.96457072;Fora Ponta
4138;13;0.24689999;0.06749999;0;0.96460135;Fora Ponta
4137;13;0.24299999;0.06749999;0;0.9635179;Fora Ponta
4136;13;0.23909999;0.066;0;0.96394983;Fora Ponta
4135;13;0.24389999;0.06659999;0;0.96468162;Fora Ponta
4134;13;0.2475;0.0669;0;0.96535542;Fora Ponta
4133;13;0.23789999;0.0642;0;0.96546277;Fora Ponta
4132;13;0.23339999;0.06269999;0;0.96575943;Fora Ponta
4131;13;0.23099999;0.06209999;0;0.96571256;Fora Ponta
4130;13;0.2328;0.05999999;0;0.96835519;Fora Ponta
4129;13;0.22679999;0.0624;0;0.96417277;Fora Ponta
4128;12;0.2229;0.06029999;0;0.96530145;Fora Ponta
4127;12;0.21899999;0.05699999;0;0.9677579;Fora Ponta
4126;12;0.222;0.05549999;0;0.9701425;Fora Ponta
4125;12;0.2064;0.0525;0;0.96914001;Fora Ponta
4124;12;0.20249999;0.05549999;0;0.96443334;Fora Ponta
4123;12;0.19949999;0.0537;0;0.96562977;Fora Ponta
4122;12;0.19409999;0.05159999;0;0.96643298;Fora Ponta
4121;12;0.1863;0.05039999;0;0.96529987;Fora Ponta
4120;12;0.1848;0.04949999;0;0.96594805;Fora Ponta
4119;12;0.18479999;0.0468;0;0.96939741;Fora Ponta
4118;12;0.17819999;0.0435;0;0.9714744;Fora Ponta
4117;12;0.18059999;0.0456;0;0.96957139;Fora Ponta
4116;12;0.17159999;0.0438;0;0.96893498;Fora Ponta
4115;12;0.17519999;0.04409999;0;0.96975052;Fora Ponta
4114;12;0.17639999;0.0441;0;0.9701425;Fora Ponta
4113;12;0.1782;0.04829999;0;0.9651751;Fora Ponta
4112;12;0.1749;0.0447;0;0.96885835;Fora Ponta
4111;12;0.1818;0.04619999;0;0.96919441;Fora Ponta
4110;12;0.18269999;0.04889999;0;0.96599758;Fora Ponta
4109;12;0.17909999;0.04679999;0;0.96751393;Fora Ponta
4108;12;0.18779999;0.0486;0;0.96810811;Fora Ponta
4107;12;0.18419999;0.0465;0;0.9695826;Fora Ponta
4106;12;0.19229999;0.0498;0;0.9680648;Fora Ponta
4105;12;0.18779999;0.05069999;0;0.96543684;Fora Ponta
4104;12;0.18419999;0.0486;0;0.96691114;Fora Ponta
4103;12;0.1989;0.05639999;0;0.96206961;Fora Ponta
4102;12;0.20579999;0.0633;0;0.95580912;Fora Ponta
4101;12;0.2166;0.0663;0;0.95620752;Fora Ponta
4100;12;0.2097;0.0642;0;0.95619214;Fora Ponta
4099;12;0.20579999;0.0612;0;0.95851572;Fora Ponta
4098;12;0.22259999;0.05729999;0;0.96842994;Fora Ponta
4097;12;0.22169999;0.0591;0;0.96625663;Fora Ponta
4096;12;0.2268;0.0582;0;0.96861642;Fora Ponta
4095;12;0.22799999;0.0597;0;0.96738707;Fora Ponta
4094;12;0.2211;0.0642;0;0.96033497;Fora Ponta
4093;12;0.2349;0.0633;0;0.9655562;Fora Ponta
4092;12;0.23159999;0.06209999;0;0.96588101;Fora Ponta
4091;12;0.23309999;0.06089999;0;0.96752464;Fora Ponta
4090;12;0.24719999;0.0654;0;0.96673936;Fora Ponta
4089;12;0.24389999;0.0675;0;0.96377222;Fora Ponta
4088;12;0.2445;0.066;0;0.96544398;Fora Ponta
4087;12;0.24089999;0.0648;0;0.96567379;Fora Ponta
4086;12;0.2313;0.06089999;0;0.96704203;Fora Ponta
4085;12;0.2445;0.06749999;0;0.96394032;Fora Ponta
4084;12;0.24659999;0.0696;0;0.9624026;Fora Ponta
4083;12;0.2463;0.0657;0;0.9662154;Fora Ponta
4082;12;0.24359999;0.06749999;0;0.96368774;Fora Ponta
4081;12;0.24419999;0.06659999;0;0.96476382;Fora Ponta
4080;12;0.24419999;0.0693;0;0.96201298;Fora Ponta
4079;12;0.25079999;0.06989999;0;0.96328643;Fora Ponta
4078;12;0.252;0.0708;0;0.96272558;Fora Ponta
4077;12;0.2538;0.0681;0;0.96583586;Fora Ponta
4076;12;0.2583;0.0672;0;0.96778417;Fora Ponta
4075;12;0.2694;0.06539999;0;0.97177497;Fora Ponta
4074;12;0.2607;0.06689999;0;0.96861571;Fora Ponta
4073;12;0.261;0.0702;0;0.96568003;Fora Ponta
4072;12;0.2547;0.0717;0;0.96258627;Fora Ponta
4071;12;0.25439999;0.07469999;0;0.95949152;Fora Ponta
4070;12;0.2673;0.07529999;0;0.96253647;Fora Ponta
4069;12;0.2577;0.0744;0;0.96076055;Fora Ponta
4068;12;0.2592;0.07469999;0;0.9608919;Fora Ponta
4067;12;0.2754;0.07649999;0;0.9635179;Fora Ponta
4066;12;0.27149999;0.0735;0;0.9652544;Fora Ponta
4065;12;0.26399999;0.0705;0;0.96614376;Fora Ponta
4064;12;0.26609999;0.07529999;0;0.96221677;Fora Ponta
4063;12;0.27899999;0.07949999;0;0.96171881;Fora Ponta
4062;12;0.2814;0.0759;0;0.96549639;Fora Ponta
4061;12;0.26759999;0.07769999;0;0.96033692;Fora Ponta
4060;12;0.2721;0.07859999;0;0.96072045;Fora Ponta
4059;12;0.27149999;0.0768;0;0.96224283;Fora Ponta
4058;12;0.2742;0.07469999;0;0.96483686;Fora Ponta
4057;12;0.2754;0.0759;0;0.96405757;Fora Ponta
4056;12;0.27569999;0.072;0;0.96755015;Fora Ponta
4055;12;0.26549999;0.0696;0;0.96731479;Fora Ponta
4054;12;0.2646;0.0687;0;0.96790797;Fora Ponta
4053;12;0.2646;0.06839999;0;0.96817443;Fora Ponta
4052;12;0.2667;0.0687;0;0.96838775;Fora Ponta
4051;12;0.27;0.0717;0;0.96650177;Fora Ponta
4050;12;0.27509999;0.07289999;0;0.96663616;Fora Ponta
4049;12;0.2697;0.0744;0;0.96399261;Fora Ponta
4048;12;0.2682;0.07169999;0;0.96607332;Fora Ponta
4047;12;0.26639999;0.0699;0;0.9672577;Fora Ponta
4046;12;0.27269999;0.0741;0;0.96500839;Fora Ponta
4045;12;0.2682;0.07319999;0;0.96471399;Fora Ponta
4044;12;0.2748;0.07919999;0;0.96088803;Fora Ponta
4043;12;0.28169999;0.07649999;0;0.96504786;Fora Ponta
4042;12;0.2802;0.0702;0;0.97002019;Fora Ponta
4041;12;0.2799;0.07019999;0;0.96995876;Fora Ponta
4040;12;0.27749999;0.07469999;0;0.96562583;Fora Ponta
4039;12;0.2658;0.0753;0;0.96213621;Fora Ponta
4038;12;0.27899999;0.0711;0;0.9690292;Fora Ponta
4037;12;0.2763;0.07319999;0;0.96665175;Fora Ponta
4036;12;0.2742;0.0726;0;0.96668983;Fora Ponta
4035;12;0.2709;0.075;0;0.96374691;Fora Ponta
4034;12;0.2763;0.0765;0;0.96374244;Fora Ponta
4033;12;0.2673;0.0756;0;0.96225408;Fora Ponta
4032;11;0.25229999;0.0696;0;0.96399261;Fora Ponta
4031;11;0.249;0.0687;0;0.96398235;Fora Ponta
4030;11;0.2481;0.0642;0;0.96811265;Fora Ponta
4029;11;0.2385;0.0615;0;0.96832483;Fora Ponta
4028;11;0.2271;0.06179999;0;0.96491074;Fora Ponta
4027;11;0.21989999;0.0639;0;0.9602783;Fora Ponta
4026;11;0.22259999;0.06;0;0.96554033;Fora Ponta
4025;11;0.2082;0.06029999;0;0.96052534;Fora Ponta
4024;11;0.2103;0.0606;0;0.96090077;Fora Ponta
4023;11;0.19799999;0.05279999;0;0.96623493;Fora Ponta
4022;11;0.19949999;0.05459999;0;0.96452914;Fora Ponta
4021;11;0.1896;0.05459999;0;0.96094808;Fora Ponta
4020;11;0.18869999;0.05339999;0;0.9622136;Fora Ponta
4019;11;0.1854;0.0513;0;0.96378553;Fora Ponta
4018;11;0.18539999;0.04859999;0;0.96731739;Fora Ponta
4017;11;0.18359999;0.0486;0;0.96670522;Fora Ponta
4016;11;0.1848;0.05009999;0;0.96516044;Fora Ponta
4015;11;0.1839;0.0501;0;0.96483642;Fora Ponta
4014;11;0.1845;0.04859999;0;0.9670134;Fora Ponta
4013;11;0.19079999;0.05069999;0;0.96646155;Fora Ponta
4012;11;0.1935;0.0534;0;0.96396619;Fora Ponta
4011;11;0.20429999;0.0606;0;0.95871285;Fora Ponta
4010;11;0.2121;0.05939999;0;0.96294987;Fora Ponta
4009;11;0.21509999;0.05819999;0;0.96529003;Fora Ponta
4008;11;0.21869999;0.0588;0;0.96570523;Fora Ponta
4007;11;0.2181;0.06209999;0;0.96177316;Fora Ponta
4006;11;0.2259;0.0657;0;0.96021395;Fora Ponta
4005;11;0.22409999;0.06659999;0;0.95856477;Fora Ponta
4004;11;0.22109999;0.0624;0;0.96240592;Fora Ponta
4003;11;0.23189999;0.0648;0;0.96310622;Fora Ponta
4002;11;0.23429999;0.06749999;0;0.96091804;Fora Ponta
4001;11;0.23639999;0.07019999;0;0.95862611;Fora Ponta
4000;11;0.2307;0.0648;0;0.96274265;Fora Ponta
3999;11;0.23489999;0.0687;0;0.9597938;Fora Ponta
3998;11;0.24989999;0.07139999;0;0.96152394;Fora Ponta
3997;11;0.246;0.0663;0;0.96554751;Fora Ponta
3996;11;0.2526;0.07139999;0;0.96229639;Fora Ponta
3995;11;0.2541;0.07229999;0;0.96182333;Fora Ponta
3994;11;0.2511;0.07079999;0;0.96247278;Fora Ponta
3993;11;0.25439999;0.06689999;0;0.96711884;Fora Ponta
3992;11;0.25379999;0.0672;0;0.96668859;Fora Ponta
3991;11;0.25889999;0.07769999;0;0.95779573;Fora Ponta
3990;11;0.25739999;0.0735;0;0.96156622;Fora Ponta
3989;11;0.2556;0.0708;0;0.96371211;Fora Ponta
3988;11;0.2631;0.0723;0;0.96425456;Fora Ponta
3987;11;0.2742;0.08399999;0;0.95614018;Fora Ponta
3986;11;0.2754;0.08099999;0;0.9593655;Fora Ponta
3985;11;0.27779999;0.08129999;0;0.95974422;Fora Ponta
3984;11;0.28109999;0.0804;0;0.96144646;Fora Ponta
3983;11;0.27869999;0.0813;0;0.95998842;Fora Ponta
3982;11;0.27869999;0.07799999;0;0.96299631;Fora Ponta
3981;11;0.288;0.0774;0;0.96573221;Fora Ponta
3980;11;0.2889;0.0753;0;0.9676706;Fora Ponta
3979;11;0.2994;0.07769999;0;0.96793578;Fora Ponta
3978;11;0.2961;0.0756;0;0.96891771;Fora Ponta
3977;11;0.2979;0.08009999;0;0.96570021;Fora Ponta
3976;11;0.31379999;0.08639999;0;0.96412286;Fora Ponta
3975;11;0.31379999;0.0861;0;0.96435844;Fora Ponta
3974;11;0.3366;0.0936;0;0.96344406;Fora Ponta
3973;11;0.3378;0.093;0;0.96412873;Fora Ponta
3972;11;0.34829999;0.0933;0;0.96594433;Fora Ponta
3971;11;0.3429;0.0921;0;0.96577059;Fora Ponta
3970;11;0.34349999;0.0885;0;0.96837626;Fora Ponta
3969;11;0.3609;0.0939;0;0.96777939;Fora Ponta
3968;11;0.3549;0.08879999;0;0.97009424;Fora Ponta
3967;11;0.3519;0.08549999;0;0.97172927;Fora Ponta
3966;11;0.36719999;0.0909;0;0.97069971;Fora Ponta
3965;11;0.37949999;0.09029999;0;0.97283921;Fora Ponta
3964;11;0.38489999;0.09509999;0;0.97080647;Fora Ponta
3963;11;0.3792;0.0954;0;0.96978037;Fora Ponta
3962;11;0.3681;0.09179999;0;0.97028188;Fora Ponta
3961;11;0.3657;0.09239999;0;0.96953124;Fora Ponta
3960;11;0.3651;0.0915;0;0.97000168;Fora Ponta
3959;11;0.3588;0.0891;0;0.97052316;Fora Ponta
3958;11;0.36419999;0.0924;0;0.96929121;Fora Ponta
3957;11;0.36629999;0.09809999;0;0.96595864;Fora Ponta
3956;11;0.35459999;0.08729999;0;0.97100607;Fora Ponta
3955;11;0.3666;0.08909999;0;0.971712;Fora Ponta
3954;11;0.3555;0.0885;0;0.97038287;Fora Ponta
3953;11;0.36449999;0.09389999;0;0.96838298;Fora Ponta
3952;11;0.36119999;0.08819999;0;0.97145687;Fora Ponta
3951;11;0.37889999;0.0939;0;0.97063773;Fora Ponta
3950;11;0.36989999;0.09059999;0;0.97128988;Fora Ponta
3949;11;0.3594;0.087;0;0.97192885;Fora Ponta
3948;11;0.36539999;0.08639999;0;0.97316509;Fora Ponta
3947;11;0.36869999;0.0915;0;0.97055914;Fora Ponta
3946;11;0.3726;0.08879999;0;0.97275576;Fora Ponta
3945;11;0.3831;0.0924;0;0.9721241;Fora Ponta
3944;11;0.3843;0.0963;0;0.97000872;Fora Ponta
3943;11;0.3729;0.09029999;0;0.97190975;Fora Ponta
3942;11;0.357;0.0885;0;0.97062039;Fora Ponta
3941;11;0.36059999;0.0909;0;0.9696661;Fora Ponta
3940;11;0.35669999;0.08579999;0;0.97226841;Fora Ponta
3939;11;0.35219999;0.0909;0;0.96827088;Fora Ponta
3938;11;0.3489;0.09269999;0;0.96646901;Fora Ponta
3937;11;0.33149999;0.0798;0;0.97222734;Fora Ponta
3936;10;0.31529999;0.07529999;0;0.97264711;Fora Ponta
3935;10;0.29519999;0.0681;0;0.97440788;Fora Ponta
3934;10;0.29309999;0.0693;0;0.97316839;Fora Ponta
3933;10;0.27449999;0.0693;0;0.96957891;Fora Ponta
3932;10;0.2496;0.0624;0;0.9701425;Fora Ponta
3931;10;0.24059999;0.06119999;0;0.96913917;Fora Ponta
3930;10;0.2283;0.0624;0;0.96461741;Fora Ponta
3929;10;0.22469999;0.0642;0;0.96152394;Fora Ponta
3928;10;0.21809999;0.0591;0;0.96519146;Fora Ponta
3927;10;0.20609999;0.0513;0;0.97039125;Fora Ponta
3926;10;0.20039999;0.0498;0;0.97048337;Fora Ponta
3925;10;0.19889999;0.05339999;0;0.96579836;Fora Ponta
3924;10;0.19349999;0.04679999;0;0.97197543;Fora Ponta
3923;10;0.18929999;0.0465;0;0.97113016;Fora Ponta
3922;10;0.18419999;0.04589999;0;0.97032813;Fora Ponta
3921;10;0.186;0.04769999;0;0.96865422;Ponta
3920;10;0.18719999;0.04769999;0;0.96903639;Ponta
3919;10;0.19469999;0.05039999;0;0.96809077;Ponta
3918;10;0.1881;0.04919999;0;0.96745321;Ponta
3917;10;0.19499999;0.05309999;0;0.96486651;Ponta
3916;10;0.19019999;0.04919999;0;0.96813414;Ponta
3915;10;0.1992;0.05399999;0;0.96516521;Ponta
3914;10;0.21059999;0.06089999;0;0.96064117;Ponta
3913;10;0.20339999;0.05369999;0;0.96687103;Ponta
3912;10;0.2082;0.05159999;0;0.97063411;Ponta
3911;10;0.2166;0.0579;0;0.9660793;Ponta
3910;10;0.2193;0.06209999;0;0.96216699;Ponta
3909;10;0.21779999;0.06089999;0;0.96306039;Fora Ponta
3908;10;0.2223;0.0657;0;0.95899372;Fora Ponta
3907;10;0.2247;0.0642;0;0.96152394;Fora Ponta
3906;10;0.23459999;0.06599999;0;0.96263088;Fora Ponta
3905;10;0.2316;0.06119999;0;0.96681447;Fora Ponta
3904;10;0.24329999;0.0672;0;0.96390851;Fora Ponta
3903;10;0.2388;0.0705;0;0.95907721;Fora Ponta
3902;10;0.2454;0.06989999;0;0.96174546;Fora Ponta
3901;10;0.2496;0.06389999;0;0.96875717;Fora Ponta
3900;10;0.2556;0.06839999;0;0.96600874;Fora Ponta
3899;10;0.2583;0.07139999;0;0.96385394;Fora Ponta
3898;10;0.24779999;0.07769999;0;0.95419176;Fora Ponta
3897;10;0.2586;0.0774;0;0.95800962;Fora Ponta
3896;10;0.25439999;0.0711;0;0.96309365;Fora Ponta
3895;10;0.2688;0.07619999;0;0.96208916;Fora Ponta
3894;10;0.26759999;0.07949999;0;0.95859187;Fora Ponta
3893;10;0.2703;0.07859999;0;0.96022647;Fora Ponta
3892;10;0.2859;0.08339999;0;0.95998871;Fora Ponta
3891;10;0.29009999;0.0867;0;0.95812573;Fora Ponta
3890;10;0.30539999;0.0954;0;0.95451333;Fora Ponta
3889;10;0.3021;0.0846;0;0.96295408;Fora Ponta
3888;10;0.2865;0.07619999;0;0.96640269;Fora Ponta
3887;10;0.2844;0.078;0;0.96438722;Fora Ponta
3886;10;0.2907;0.0813;0;0.96304655;Fora Ponta
3885;10;0.29309999;0.0804;0;0.96437553;Fora Ponta
3884;10;0.297;0.07769999;0;0.96744061;Fora Ponta
3883;10;0.3066;0.0891;0;0.96027315;Fora Ponta
3882;10;0.3075;0.0846;0;0.96417532;Fora Ponta
3881;10;0.3147;0.08189999;0;0.96776406;Fora Ponta
3880;10;0.3258;0.0867;0;0.96636773;Fora Ponta
3879;10;0.33629999;0.08429999;0;0.9699896;Fora Ponta
3878;10;0.33899999;0.09089999;0;0.96587935;Fora Ponta
3877;10;0.33749999;0.08399999;0;0.97039566;Fora Ponta
3876;10;0.3369;0.0807;0;0.97248939;Fora Ponta
3875;10;0.3465;0.0822;0;0.9729957;Fora Ponta
3874;10;0.3585;0.0846;0;0.97326742;Fora Ponta
3873;10;0.35939999;0.0852;0;0.97303233;Fora Ponta
3872;10;0.357;0.0828;0;0.97414225;Fora Ponta
3871;10;0.36749999;0.08009999;0;0.97706104;Fora Ponta
3870;10;0.37829999;0.08489999;0;0.97572974;Fora Ponta
3869;10;0.3828;0.08579999;0;0.97578957;Fora Ponta
3868;10;0.3837;0.0894;0;0.97391417;Fora Ponta
3867;10;0.3669;0.087;0;0.97301921;Fora Ponta
3866;10;0.3717;0.0897;0;0.97209454;Fora Ponta
3865;10;0.3636;0.0837;0;0.97451301;Fora Ponta
3864;10;0.34919999;0.0786;0;0.9755918;Fora Ponta
3863;10;0.3495;0.08009999;0;0.97472852;Fora Ponta
3862;10;0.33599999;0.08039999;0;0.97254472;Fora Ponta
3861;10;0.3486;0.087;0;0.97024065;Fora Ponta
3860;10;0.3519;0.08819999;0;0.96999639;Fora Ponta
3859;10;0.36119999;0.08879999;0;0.97108395;Fora Ponta
3858;10;0.3645;0.0933;0;0.96876707;Fora Ponta
3857;10;0.36089999;0.0948;0;0.96718899;Fora Ponta
3856;10;0.35939999;0.0915;0;0.96908662;Fora Ponta
3855;10;0.36029999;0.09059999;0;0.96980908;Fora Ponta
3854;10;0.3732;0.09539999;0;0.96884617;Fora Ponta
3853;10;0.35939999;0.09029999;0;0.96985609;Fora Ponta
3852;10;0.3621;0.09;0;0.97047267;Fora Ponta
3851;10;0.36989999;0.0927;0;0.97000351;Fora Ponta
3850;10;0.372;0.093;0;0.9701425;Fora Ponta
3849;10;0.3666;0.0885;0;0.97207595;Fora Ponta
3848;10;0.37319999;0.0915;0;0.97123469;Fora Ponta
3847;10;0.37589999;0.09029999;0;0.97233797;Fora Ponta
3846;10;0.3792;0.0978;0;0.96831318;Fora Ponta
3845;10;0.3732;0.1011;0;0.96521005;Fora Ponta
3844;10;0.357;0.0975;0;0.96467022;Fora Ponta
3843;10;0.35429999;0.0957;0;0.96540233;Fora Ponta
3842;10;0.36299999;0.10439999;0;0.96104293;Fora Ponta
3841;10;0.34529999;0.08969999;0;0.96787573;Fora Ponta
3840;09;0.32189999;0.0822;0;0.96890849;Fora Ponta
3839;09;0.32069999;0.08249999;0;0.96846795;Fora Ponta
3838;09;0.3;0.08099999;0;0.96542908;Fora Ponta
3837;09;0.2922;0.08309999;0;0.96185862;Fora Ponta
3836;09;0.26969999;0.07949999;0;0.95919542;Fora Ponta
3835;09;0.25529999;0.07319999;0;0.96126777;Fora Ponta
3834;09;0.237;0.0705;0;0.95849155;Fora Ponta
3833;09;0.22799999;0.0687;0;0.95747884;Fora Ponta
3832;09;0.22049999;0.0639;0;0.96048155;Fora Ponta
3831;09;0.20609999;0.05699999;0;0.96381878;Fora Ponta
3830;09;0.2019;0.05819999;0;0.96087475;Fora Ponta
3829;09;0.20159999;0.06059999;0;0.95766925;Fora Ponta
3828;09;0.20339999;0.0603;0;0.9587553;Fora Ponta
3827;09;0.2076;0.06119999;0;0.95918873;Fora Ponta
3826;09;0.21209999;0.0633;0;0.95823564;Fora Ponta
3825;09;0.2052;0.05969999;0;0.96018845;Ponta
3824;09;0.20009999;0.06209999;0;0.95506413;Ponta
3823;09;0.2067;0.0672;0;0.95100363;Ponta
3822;09;0.2133;0.0654;0;0.95606928;Ponta
3821;09;0.21389999;0.0675;0;0.95364328;Ponta
3820;09;0.21149999;0.06749999;0;0.95265921;Ponta
3819;09;0.21149999;0.06689999;0;0.95343948;Ponta
3818;09;0.2226;0.0735;0;0.94957531;Ponta
3817;09;0.21359999;0.063;0;0.95915071;Ponta
3816;09;0.2211;0.06209999;0;0.96274663;Ponta
3815;09;0.23609999;0.0681;0;0.96082984;Ponta
3814;09;0.24119999;0.06599999;0;0.964542;Ponta
3813;09;0.24029999;0.0717;0;0.95825326;Fora Ponta
3812;09;0.2406;0.0726;0;0.95736509;Fora Ponta
3811;09;0.24869999;0.0765;0;0.95580393;Fora Ponta
3810;09;0.2502;0.08009999;0;0.95238436;Fora Ponta
3809;09;0.255;0.0813;0;0.95274896;Fora Ponta
3808;09;0.2568;0.08159999;0;0.95304268;Fora Ponta
3807;09;0.249;0.075;0;0.95750818;Fora Ponta
3806;09;0.2631;0.0837;0;0.95294004;Fora Ponta
3805;09;0.2715;0.08399999;0;0.95532138;Fora Ponta
3804;09;0.2658;0.0822;0;0.95535837;Fora Ponta
3803;09;0.2667;0.08549999;0;0.95226232;Fora Ponta
3802;09;0.2694;0.0852;0;0.9534542;Fora Ponta
3801;09;0.26849999;0.0876;0;0.95068218;Fora Ponta
3800;09;0.2784;0.08579999;0;0.95564531;Fora Ponta
3799;09;0.2844;0.0876;0;0.95569177;Fora Ponta
3798;09;0.297;0.0906;0;0.95648647;Fora Ponta
3797;09;0.29669999;0.0906;0;0.9564041;Fora Ponta
3796;09;0.30479999;0.102;0;0.94830928;Fora Ponta
3795;09;0.3132;0.0987;0;0.95376198;Fora Ponta
3794;09;0.31739999;0.10169999;0;0.95230911;Fora Ponta
3793;09;0.3045;0.08759999;0;0.96102214;Fora Ponta
3792;09;0.30389999;0.08339999;0;0.9643452;Fora Ponta
3791;09;0.3126;0.087;0;0.96338533;Fora Ponta
3790;09;0.31499999;0.08909999;0;0.96224681;Fora Ponta
3789;09;0.3225;0.09419999;0;0.95988991;Fora Ponta
3788;09;0.32219999;0.09359999;0;0.96029987;Fora Ponta
3787;09;0.3237;0.09;0;0.96345391;Fora Ponta
3786;09;0.3105;0.08099999;0;0.96761727;Fora Ponta
3785;09;0.31409999;0.0846;0;0.96558904;Fora Ponta
3784;09;0.32219999;0.08399999;0;0.96765553;Fora Ponta
3783;09;0.3207;0.08549999;0;0.96624994;Fora Ponta
3782;09;0.31829999;0.08669999;0;0.96484771;Fora Ponta
3781;09;0.33659999;0.08819999;0;0.96734202;Fora Ponta
3780;09;0.35729999;0.0963;0;0.96554527;Fora Ponta
3779;09;0.3606;0.09509999;0;0.96693893;Fora Ponta
3778;09;0.37139999;0.09269999;0;0.97023463;Fora Ponta
3777;09;0.38069999;0.0915;0;0.97231074;Fora Ponta
3776;09;0.37859999;0.09059999;0;0.97254098;Fora Ponta
3775;09;0.38819999;0.09329999;0;0.97231222;Fora Ponta
3774;09;0.37859999;0.0963;0;0.96914055;Fora Ponta
3773;09;0.3801;0.09299999;0;0.97134789;Fora Ponta
3772;09;0.38069999;0.09419999;0;0.97072464;Fora Ponta
3771;09;0.3771;0.0933;0;0.97073017;Fora Ponta
3770;09;0.37379999;0.09059999;0;0.97186092;Fora Ponta
3769;09;0.35549999;0.0867;0;0.97152494;Fora Ponta
3768;09;0.35009999;0.08549999;0;0.97145018;Fora Ponta
3767;09;0.348;0.08249999;0;0.97303076;Fora Ponta
3766;09;0.34259999;0.08459999;0;0.97083855;Fora Ponta
3765;09;0.3429;0.0819;0;0.97264162;Fora Ponta
3764;09;0.3489;0.087;0;0.97028955;Fora Ponta
3763;09;0.3519;0.08339999;0;0.973046;Fora Ponta
3762;09;0.3456;0.0846;0;0.97132116;Fora Ponta
3761;09;0.35429999;0.09;0;0.96921833;Fora Ponta
3760;09;0.35669999;0.0885;0;0.97057311;Fora Ponta
3759;09;0.3681;0.09179999;0;0.97028188;Fora Ponta
3758;09;0.36419999;0.087;0;0.97263401;Fora Ponta
3757;09;0.36389999;0.08759999;0;0.97222701;Fora Ponta
3756;09;0.37529999;0.0906;0;0.97207609;Fora Ponta
3755;09;0.381;0.093;0;0.97147737;Fora Ponta
3754;09;0.3786;0.0942;0;0.97041328;Fora Ponta
3753;09;0.3762;0.09659999;0;0.96857804;Fora Ponta
3752;09;0.39059999;0.0993;0;0.96917154;Fora Ponta
3751;09;0.39299999;0.0996;0;0.96935394;Fora Ponta
3750;09;0.3969;0.10649999;0;0.96583392;Fora Ponta
3749;09;0.38999999;0.10289999;0;0.96691055;Fora Ponta
3748;09;0.38399999;0.09809999;0;0.96888295;Fora Ponta
3747;09;0.37739999;0.1005;0;0.96632412;Fora Ponta
3746;09;0.37559999;0.0993;0;0.96678383;Fora Ponta
3745;09;0.36989999;0.09899999;0;0.96600047;Fora Ponta
3744;08;0.34769999;0.0939;0;0.9654144;Fora Ponta
3743;08;0.3312;0.09059999;0;0.96456191;Fora Ponta
3742;08;0.3147;0.08429999;0;0.96594394;Fora Ponta
3741;08;0.2934;0.0747;0;0.96908425;Fora Ponta
3740;08;0.25859999;0.07319999;0;0.962195;Fora Ponta
3739;08;0.2532;0.07139999;0;0.96246495;Fora Ponta
3738;08;0.246;0.0693;0;0.96253612;Fora Ponta
3737;08;0.2433;0.0687;0;0.96237013;Fora Ponta
3736;08;0.2259;0.0645;0;0.96157212;Fora Ponta
3735;08;0.2208;0.0603;0;0.96467302;Fora Ponta
3734;08;0.20879999;0.05819999;0;0.96327958;Fora Ponta
3733;08;0.20699999;0.0591;0;0.96157651;Fora Ponta
3732;08;0.2067;0.0576;0;0.96329725;Fora Ponta
3731;08;0.2016;0.05459999;0;0.96522637;Fora Ponta
3730;08;0.19589999;0.05309999;0;0.96517196;Fora Ponta
3729;08;0.19619999;0.05219999;0;0.96638193;Ponta
3728;08;0.2022;0.05549999;0;0.9643333;Ponta
3727;08;0.20909999;0.05729999;0;0.96444379;Ponta
3726;08;0.2061;0.05699999;0;0.96381878;Ponta
3725;08;0.20849999;0.0582;0;0.96317961;Ponta
3724;08;0.21839999;0.06179999;0;0.96221911;Ponta
3723;08;0.2274;0.0639;0;0.96271298;Ponta
3722;08;0.24569999;0.0663;0;0.96546763;Ponta
3721;08;0.246;0.0693;0;0.96253612;Ponta
3720;08;0.252;0.0705;0;0.96302353;Ponta
3719;08;0.252;0.0735;0;0.96;Ponta
3718;08;0.25379999;0.0789;0;0.95492078;Ponta
3717;08;0.25859999;0.07859999;0;0.95678135;Fora Ponta
3716;08;0.2592;0.08399999;0;0.95129265;Fora Ponta
3715;08;0.2691;0.0846;0;0.95396763;Fora Ponta
3714;08;0.27599999;0.08279999;0;0.95782628;Fora Ponta
3713;08;0.27659999;0.0831;0;0.95771185;Fora Ponta
3712;08;0.29069999;0.0885;0;0.95664996;Fora Ponta
3711;08;0.2895;0.08399999;0;0.96038919;Fora Ponta
3710;08;0.285;0.0846;0;0.95865546;Fora Ponta
3709;08;0.29969999;0.0885;0;0.95905919;Fora Ponta
3708;08;0.2961;0.09029999;0;0.95650941;Fora Ponta
3707;08;0.2913;0.0849;0;0.96005535;Fora Ponta
3706;08;0.30269999;0.0948;0;0.95429467;Fora Ponta
3705;08;0.3006;0.0933;0;0.95505483;Fora Ponta
3704;08;0.30989999;0.09;0;0.96032213;Fora Ponta
3703;08;0.3009;0.0822;0;0.96465276;Fora Ponta
3702;08;0.3087;0.08489999;0;0.9641994;Fora Ponta
3701;08;0.31079999;0.08609999;0;0.96370425;Fora Ponta
3700;08;0.32999999;0.09119999;0;0.96386858;Fora Ponta
3699;08;0.34199999;0.09509999;0;0.96344522;Fora Ponta
3698;08;0.34349999;0.09809999;0;0.96155563;Fora Ponta
3697;08;0.3465;0.1008;0;0.96019529;Fora Ponta
3696;08;0.3465;0.0963;0;0.96348204;Fora Ponta
3695;08;0.3438;0.09749999;0;0.96206064;Fora Ponta
3694;08;0.345;0.09419999;0;0.96468634;Fora Ponta
3693;08;0.348;0.09179999;0;0.9669232;Fora Ponta
3692;08;0.357;0.0948;0;0.96650401;Fora Ponta
3691;08;0.3579;0.0978;0;0.96463308;Fora Ponta
3690;08;0.36449999;0.0978;0;0.96583798;Fora Ponta
3689;08;0.3675;0.09989999;0;0.96498163;Fora Ponta
3688;08;0.37559999;0.10319999;0;0.96426444;Fora Ponta
3687;08;0.3873;0.1095;0;0.96227971;Fora Ponta
3686;08;0.38369999;0.1083;0;0.96239925;Fora Ponta
3685;08;0.38549999;0.10439999;0;0.96523032;Fora Ponta
3684;08;0.3882;0.1026;0;0.966803;Fora Ponta
3683;08;0.3954;0.10289999;0;0.96776525;Fora Ponta
3682;08;0.4062;0.0996;0;0.97122962;Fora Ponta
3681;08;0.4332;0.10529999;0;0.97170518;Fora Ponta
3680;08;0.42929999;0.1026;0;0.97260896;Fora Ponta
3679;08;0.43889999;0.11009999;0;0.96994719;Fora Ponta
3678;08;0.44609999;0.1119;0;0.96995034;Fora Ponta
3677;08;0.44429999;0.11309999;0;0.96909432;Fora Ponta
3676;08;0.44429999;0.1146;0;0.96830793;Fora Ponta
3675;08;0.44819999;0.11729999;0;0.96741755;Fora Ponta
3674;08;0.45509999;0.1212;0;0.96631946;Fora Ponta
3673;08;0.44789999;0.1212;0;0.96528412;Fora Ponta
3672;08;0.4347;0.11399999;0;0.96729036;Fora Ponta
3671;08;0.4284;0.11309999;0;0.96687251;Fora Ponta
3670;08;0.41999999;0.1104;0;0.96714608;Fora Ponta
3669;08;0.4182;0.1161;0;0.96355751;Fora Ponta
3668;08;0.4296;0.11489999;0;0.96604432;Fora Ponta
3667;08;0.4302;0.11399999;0;0.96663653;Fora Ponta
3666;08;0.4347;0.1152;0;0.96663238;Fora Ponta
3665;08;0.4458;0.12;0;0.9656283;Fora Ponta
3664;08;0.45629999;0.12779999;0;0.96294429;Fora Ponta
3663;08;0.4461;0.12209999;0;0.96452392;Fora Ponta
3662;08;0.45209999;0.11759999;0;0.96779434;Fora Ponta
3661;08;0.44699999;0.11639999;0;0.96772753;Fora Ponta
3660;08;0.44849999;0.11609999;0;0.96809005;Fora Ponta
3659;08;0.4554;0.1167;0;0.96869928;Fora Ponta
3658;08;0.44909999;0.11639999;0;0.96801435;Fora Ponta
3657;08;0.4536;0.11909999;0;0.96721525;Fora Ponta
3656;08;0.46109999;0.11879999;0;0.96837559;Fora Ponta
3655;08;0.44999999;0.1152;0;0.96875941;Fora Ponta
3654;08;0.45809999;0.11879999;0;0.96797978;Fora Ponta
3653;08;0.4569;0.12239999;0;0.96593955;Fora Ponta
3652;08;0.44999999;0.1197;0;0.96639514;Fora Ponta
3651;08;0.4536;0.12029999;0;0.96658418;Fora Ponta
3650;08;0.4443;0.1161;0;0.96751312;Fora Ponta
3649;08;0.43289999;0.12;0;0.96366128;Fora Ponta
3648;07;0.40709999;0.11489999;0;0.96240215;Fora Ponta
3647;07;0.37979999;0.10709999;0;0.96246495;Fora Ponta
3646;07;0.34709999;0.0963;0;0.96360138;Fora Ponta
3645;07;0.31439999;0.08249999;0;0.96725362;Fora Ponta
3644;07;0.2814;0.07529999;0;0.96601236;Fora Ponta
3643;07;0.27899999;0.0768;0;0.9641391;Fora Ponta
3642;07;0.27959999;0.0759;0;0.96507379;Fora Ponta
3641;07;0.255;0.07229999;0;0.96207723;Fora Ponta
3640;07;0.2562;0.0708;0;0.96387279;Fora Ponta
3639;07;0.2424;0.0663;0;0.96457072;Fora Ponta
3638;07;0.23579999;0.063;0;0.96611242;Fora Ponta
3637;07;0.23249999;0.06209999;0;0.9661314;Fora Ponta
3636;07;0.22349999;0.06269999;0;0.96282967;Fora Ponta
3635;07;0.22619999;0.0642;0;0.96200393;Fora Ponta
3634;07;0.21539999;0.06119999;0;0.96192735;Fora Ponta
3633;07;0.2244;0.063;0;0.96277663;Ponta
3632;07;0.23039999;0.06359999;0;0.96394822;Ponta
3631;07;0.2388;0.06599999;0;0.96386405;Ponta
3630;07;0.23909999;0.0669;0;0.96301419;Ponta
3629;07;0.2283;0.0648;0;0.96199952;Ponta
3628;07;0.237;0.06749999;0;0.96175331;Ponta
3627;07;0.24479999;0.07079999;0;0.96063043;Ponta
3626;07;0.2442;0.0657;0;0.96566155;Ponta
3625;07;0.24929999;0.06509999;0;0.96755542;Ponta
3624;07;0.2562;0.0726;0;0.96211687;Ponta
3623;07;0.26789999;0.0783;0;0.95984335;Ponta
3622;07;0.2658;0.08039999;0;0.95716966;Ponta
3621;07;0.27869999;0.09029999;0;0.95131211;Fora Ponta
3620;07;0.2754;0.09179999;0;0.94868329;Fora Ponta
3619;07;0.285;0.08639999;0;0.9569905;Fora Ponta
3618;07;0.2946;0.08789999;0;0.95825493;Fora Ponta
3617;07;0.2973;0.0954;0;0.9521784;Fora Ponta
3616;07;0.3066;0.09389999;0;0.95616253;Fora Ponta
3615;07;0.30809999;0.0993;0;0.95178719;Fora Ponta
3614;07;0.3036;0.09659999;0;0.95292578;Fora Ponta
3613;07;0.3024;0.0912;0;0.957407;Fora Ponta
3612;07;0.30479999;0.09;0;0.95906433;Fora Ponta
3611;07;0.3045;0.09;0;0.95898852;Fora Ponta
3610;07;0.3207;0.09449999;0;0.95922249;Fora Ponta
3609;07;0.32339999;0.0963;0;0.95841155;Fora Ponta
3608;07;0.33419999;0.0996;0;0.95834561;Fora Ponta
3607;07;0.3498;0.102;0;0.96001844;Fora Ponta
3606;07;0.354;0.099;0;0.96304873;Fora Ponta
3605;07;0.34169999;0.1011;0;0.95890845;Fora Ponta
3604;07;0.3564;0.1059;0;0.95857804;Fora Ponta
3603;07;0.3651;0.1095;0;0.95784794;Fora Ponta
3602;07;0.3666;0.1119;0;0.95643659;Fora Ponta
3601;07;0.37739999;0.10979999;0;0.96018785;Fora Ponta
3600;07;0.37349999;0.11099999;0;0.95856477;Fora Ponta
3599;07;0.37559999;0.1134;0;0.95731972;Fora Ponta
3598;07;0.3816;0.1164;0;0.95649155;Fora Ponta
3597;07;0.37979999;0.10949999;0;0.96086245;Fora Ponta
3596;07;0.387;0.10919999;0;0.96241968;Fora Ponta
3595;07;0.3912;0.11099999;0;0.96202345;Fora Ponta
3594;07;0.40349999;0.11699999;0;0.96043868;Fora Ponta
3593;07;0.42749999;0.12389999;0;0.9604742;Fora Ponta
3592;07;0.43889999;0.12389999;0;0.96238795;Fora Ponta
3591;07;0.43619999;0.1245;0;0.96159878;Fora Ponta
3590;07;0.44639999;0.12899999;0;0.96069122;Fora Ponta
3589;07;0.45749999;0.1266;0;0.96378001;Fora Ponta
3588;07;0.4734;0.1296;0;0.96450947;Fora Ponta
3587;07;0.4947;0.13319999;0;0.9656101;Fora Ponta
3586;07;0.50579999;0.13829999;0;0.96459198;Fora Ponta
3585;07;0.52109999;0.141;0;0.96528769;Fora Ponta
3584;07;0.5304;0.1407;0;0.96656985;Fora Ponta
3583;07;0.5418;0.1437;0;0.9665805;Fora Ponta
3582;07;0.5547;0.15089999;0;0.96493222;Fora Ponta
3581;07;0.5487;0.14579999;0;0.96646258;Fora Ponta
3580;07;0.5466;0.1452;0;0.96648101;Fora Ponta
3579;07;0.53999999;0.14609999;0;0.96529399;Fora Ponta
3578;07;0.5364;0.144;0;0.96580325;Fora Ponta
3577;07;0.51899999;0.1389;0;0.96600285;Fora Ponta
3576;07;0.5121;0.13649999;0;0.96626311;Fora Ponta
3575;07;0.49439999;0.13019999;0;0.96702891;Fora Ponta
3574;07;0.49559999;0.1314;0;0.96660298;Fora Ponta
3573;07;0.49109999;0.13199999;0;0.96572389;Fora Ponta
3572;07;0.4866;0.13169999;0;0.96527015;Fora Ponta
3571;07;0.49139999;0.1308;0;0.96635234;Fora Ponta
3570;07;0.5064;0.1344;0;0.96653838;Fora Ponta
3569;07;0.50069999;0.1296;0;0.96809598;Fora Ponta
3568;07;0.5019;0.13379999;0;0.9662541;Fora Ponta
3567;07;0.5022;0.13679999;0;0.96484358;Fora Ponta
3566;07;0.5064;0.13409999;0;0.96668022;Fora Ponta
3565;07;0.5034;0.132;0;0.96729817;Fora Ponta
3564;07;0.4947;0.1335;0;0.96546296;Fora Ponta
3563;07;0.4968;0.13379999;0;0.96559323;Fora Ponta
3562;07;0.50309999;0.1359;0;0.96539865;Fora Ponta
3561;07;0.50459999;0.1341;0;0.96645393;Fora Ponta
3560;07;0.5004;0.135;0;0.9654815;Fora Ponta
3559;07;0.489;0.1341;0;0.96439422;Fora Ponta
3558;07;0.474;0.13379999;0;0.96239252;Fora Ponta
3557;07;0.4635;0.1293;0;0.96322257;Fora Ponta
3556;07;0.44339999;0.1197;0;0.96543894;Fora Ponta
3555;07;0.43709999;0.11879999;0;0.96499271;Fora Ponta
3554;07;0.42869999;0.1113;0;0.96791152;Fora Ponta
3553;07;0.43289999;0.1185;0;0.96451659;Fora Ponta
3552;06;0.4362;0.11759999;0;0.96552593;Fora Ponta
3551;06;0.40349999;0.10439999;0;0.96811983;Fora Ponta
3550;06;0.34409999;0.09509999;0;0.96386622;Fora Ponta
3549;06;0.29969999;0.08249999;0;0.9641375;Fora Ponta
3548;06;0.2802;0.07769999;0;0.96363606;Fora Ponta
3547;06;0.25589999;0.0681;0;0.96636643;Fora Ponta
3546;06;0.24629999;0.0693;0;0.96262228;Fora Ponta
3545;06;0.2505;0.0765;0;0.95639601;Fora Ponta
3544;06;0.24029999;0.07139999;0;0.95858051;Fora Ponta
3543;06;0.22169999;0.063;0;0.96191591;Fora Ponta
3542;06;0.2202;0.06359999;0;0.96072969;Fora Ponta
3541;06;0.2127;0.0624;0;0.95955923;Fora Ponta
3540;06;0.2187;0.0639;0;0.95986716;Fora Ponta
3539;06;0.21539999;0.0681;0;0.95348226;Fora Ponta
3538;06;0.21929999;0.0696;0;0.95314813;Fora Ponta
3537;06;0.22199999;0.0726;0;0.95046613;Ponta
3536;06;0.21839999;0.07229999;0;0.94933329;Ponta
3535;06;0.23309999;0.0774;0;0.94904908;Ponta
3534;06;0.22049999;0.07379999;0;0.94829552;Ponta
3533;06;0.21989999;0.06869999;0;0.95450314;Ponta
3532;06;0.21689999;0.0687;0;0.95332324;Ponta
3531;06;0.22499999;0.07139999;0;0.95315916;Ponta
3530;06;0.2178;0.06899999;0;0.95330442;Ponta
3529;06;0.22199999;0.066;0;0.95853635;Ponta
3528;06;0.23759999;0.07649999;0;0.95187838;Ponta
3527;06;0.2499;0.08099999;0;0.95127714;Ponta
3526;06;0.2577;0.0846;0;0.95011137;Ponta
3525;06;0.26549999;0.0864;0;0.95091555;Fora Ponta
3524;06;0.2529;0.0867;0;0.94595578;Fora Ponta
3523;06;0.2667;0.0876;0;0.95006343;Fora Ponta
3522;06;0.2607;0.08159999;0;0.95434309;Fora Ponta
3521;06;0.27569999;0.08429999;0;0.956295;Fora Ponta
3520;06;0.27659999;0.0852;0;0.95568931;Fora Ponta
3519;06;0.2667;0.08429999;0;0.95350158;Fora Ponta
3518;06;0.2757;0.0834;0;0.95716444;Fora Ponta
3517;06;0.28109999;0.0861;0;0.95615331;Fora Ponta
3516;06;0.27869999;0.087;0;0.95457135;Fora Ponta
3515;06;0.2895;0.09179999;0;0.95322369;Fora Ponta
3514;06;0.29969999;0.0993;0;0.94925187;Fora Ponta
3513;06;0.29969999;0.09659999;0;0.95178042;Fora Ponta
3512;06;0.2946;0.0945;0;0.95220999;Fora Ponta
3511;06;0.29879999;0.08789999;0;0.95935016;Fora Ponta
3510;06;0.2979;0.08879999;0;0.95832948;Fora Ponta
3509;06;0.3135;0.09269999;0;0.95895534;Fora Ponta
3508;06;0.30749999;0.0942;0;0.95614132;Fora Ponta
3507;06;0.31679999;0.093;0;0.95951006;Fora Ponta
3506;06;0.30809999;0.09029999;0;0.95963289;Fora Ponta
3505;06;0.30179999;0.0876;0;0.96036271;Fora Ponta
3504;06;0.2991;0.08879999;0;0.95864276;Fora Ponta
3503;06;0.3081;0.09;0;0.95988477;Fora Ponta
3502;06;0.3096;0.0885;0;0.96148878;Fora Ponta
3501;06;0.3192;0.09449999;0;0.95886172;Fora Ponta
3500;06;0.31679999;0.09059999;0;0.9614552;Fora Ponta
3499;06;0.3258;0.0963;0;0.95898498;Fora Ponta
3498;06;0.3207;0.0927;0;0.96067157;Fora Ponta
3497;06;0.3246;0.0933;0;0.96108699;Fora Ponta
3496;06;0.3162;0.0933;0;0.9591188;Fora Ponta
3495;06;0.3237;0.1041;0;0.95198265;Fora Ponta
3494;06;0.3165;0.10229999;0;0.95152994;Fora Ponta
3493;06;0.31199999;0.09809999;0;0.95395622;Fora Ponta
3492;06;0.3102;0.0957;0;0.95555894;Fora Ponta
3491;06;0.3117;0.1005;0;0.95175177;Fora Ponta
3490;06;0.3267;0.10319999;0;0.95355619;Fora Ponta
3489;06;0.32699999;0.10199999;0;0.95463568;Fora Ponta
3488;06;0.33449999;0.10529999;0;0.95385378;Fora Ponta
3487;06;0.3258;0.10079999;0;0.95532138;Fora Ponta
3486;06;0.3306;0.10289999;0;0.95481853;Fora Ponta
3485;06;0.3288;0.1023;0;0.95485128;Fora Ponta
3484;06;0.33899999;0.10709999;0;0.95354439;Fora Ponta
3483;06;0.32609999;0.10019999;0;0.95589301;Fora Ponta
3482;06;0.32999999;0.10079999;0;0.95637856;Fora Ponta
3481;06;0.3288;0.1041;0;0.95335891;Fora Ponta
3480;06;0.34109999;0.1047;0;0.95597875;Fora Ponta
3479;06;0.31229999;0.0939;0;0.95764886;Fora Ponta
3478;06;0.31289999;0.0945;0;0.95729416;Fora Ponta
3477;06;0.303;0.09179999;0;0.95704034;Fora Ponta
3476;06;0.3087;0.0924;0;0.95800546;Fora Ponta
3475;06;0.30989999;0.0978;0;0.95363845;Fora Ponta
3474;06;0.3201;0.09839999;0;0.95585645;Fora Ponta
3473;06;0.3156;0.09809999;0;0.95493113;Fora Ponta
3472;06;0.3198;0.0996;0;0.9547664;Fora Ponta
3471;06;0.31529999;0.0951;0;0.95739901;Fora Ponta
3470;06;0.3195;0.0996;0;0.9546871;Fora Ponta
3469;06;0.315;0.10199999;0;0.95136644;Fora Ponta
3468;06;0.32039999;0.10499999;0;0.95027271;Fora Ponta
3467;06;0.315;0.10319999;0;0.95029979;Fora Ponta
3466;06;0.3096;0.09509999;0;0.95591909;Fora Ponta
3465;06;0.31529999;0.09719999;0;0.95562159;Fora Ponta
3464;06;0.31529999;0.0933;0;0.95889929;Fora Ponta
3463;06;0.3288;0.09809999;0;0.95825834;Fora Ponta
3462;06;0.31799999;0.09389999;0;0.95906239;Fora Ponta
3461;06;0.30389999;0.0915;0;0.95753963;Fora Ponta
3460;06;0.29819999;0.09209999;0;0.95546672;Fora Ponta
3459;06;0.2925;0.09359999;0;0.95242414;Fora Ponta
3458;06;0.2814;0.08879999;0;0.9536441;Fora Ponta
3457;06;0.2724;0.0852;0;0.95440513;Fora Ponta
3456;05;0.28169999;0.0891;0;0.95344445;Fora Ponta
3455;05;0.28889999;0.08909999;0;0.9555857;Fora Ponta
3454;05;0.2661;0.08339999;0;0.95423079;Fora Ponta
3453;05;0.24659999;0.072;0;0.95992148;Fora Ponta
3452;05;0.23399999;0.0648;0;0.96373002;Fora Ponta
3451;05;0.2364;0.06719999;0;0.96189158;Fora Ponta
3450;05;0.2343;0.0672;0;0.96124478;Fora Ponta
3449;05;0.23249999;0.0672;0;0.96067745;Fora Ponta
3448;05;0.22409999;0.06749999;0;0.95750818;Fora Ponta
3447;05;0.2223;0.06359999;0;0.96142596;Fora Ponta
3446;05;0.2136;0.06209999;0;0.96024132;Fora Ponta
3445;05;0.22019999;0.06179999;0;0.96280036;Fora Ponta
3444;05;0.2178;0.0606;0;0.96340375;Fora Ponta
3443;05;0.2118;0.06029999;0;0.96178056;Fora Ponta
3442;05;0.2178;0.06089999;0;0.96306039;Fora Ponta
3441;05;0.2121;0.0642;0;0.95711544;Fora Ponta
3440;05;0.21509999;0.063;0;0.95968458;Fora Ponta
3439;05;0.2124;0.0597;0;0.96269522;Fora Ponta
3438;05;0.21239999;0.06;0;0.96234032;Fora Ponta
3437;05;0.2178;0.06179999;0;0.96202239;Fora Ponta
3436;05;0.22139999;0.06599999;0;0.95832518;Fora Ponta
3435;05;0.22499999;0.0648;0;0.96094161;Fora Ponta
3434;05;0.2262;0.0657;0;0.96031321;Fora Ponta
3433;05;0.22679999;0.07229999;0;0.95276012;Fora Ponta
3432;05;0.23219999;0.07289999;0;0.95408433;Fora Ponta
3431;05;0.237;0.0726;0;0.95614463;Fora Ponta
3430;05;0.2397;0.07649999;0;0.95265921;Fora Ponta
3429;05;0.24359999;0.072;0;0.95898852;Fora Ponta
3428;05;0.2397;0.0711;0;0.95871333;Fora Ponta
3427;05;0.25229999;0.06989999;0;0.96369827;Fora Ponta
3426;05;0.24929999;0.06839999;0;0.96436099;Fora Ponta
3425;05;0.24449999;0.0693;0;0.96210092;Fora Ponta
3424;05;0.2514;0.07739999;0;0.95572967;Fora Ponta
3423;05;0.2622;0.08159999;0;0.95482922;Fora Ponta
3422;05;0.26789999;0.08099999;0;0.95720452;Fora Ponta
3421;05;0.25499999;0.07769999;0;0.95657842;Fora Ponta
3420;05;0.261;0.07559999;0;0.96051769;Fora Ponta
3419;05;0.2616;0.07949999;0;0.95679339;Fora Ponta
3418;05;0.2592;0.07529999;0;0.96029821;Fora Ponta
3417;05;0.2658;0.0783;0;0.95924473;Fora Ponta
3416;05;0.25649999;0.0726;0;0.96220048;Fora Ponta
3415;05;0.26699999;0.07499999;0;0.96273899;Fora Ponta
3414;05;0.273;0.07529999;0;0.96400198;Fora Ponta
3413;05;0.27449999;0.07709999;0;0.96274514;Fora Ponta
3412;05;0.2862;0.08279999;0;0.96060671;Fora Ponta
3411;05;0.27749999;0.08249999;0;0.95853635;Fora Ponta
3410;05;0.2859;0.087;0;0.95668603;Fora Ponta
3409;05;0.2871;0.087;0;0.9570244;Fora Ponta
3408;05;0.29159999;0.08879999;0;0.95662619;Fora Ponta
3407;05;0.29219999;0.0897;0;0.95596979;Fora Ponta
3406;05;0.3051;0.0909;0;0.95836922;Fora Ponta
3405;05;0.30689999;0.0912;0;0.95857093;Fora Ponta
3404;05;0.31529999;0.0915;0;0.96037779;Fora Ponta
3403;05;0.31529999;0.0939;0;0.9584016;Fora Ponta
3402;05;0.3126;0.09719999;0;0.95490297;Fora Ponta
3401;05;0.3066;0.09389999;0;0.95616253;Fora Ponta
3400;05;0.3192;0.0993;0;0.95486243;Fora Ponta
3399;05;0.31859999;0.1008;0;0.9534197;Fora Ponta
3398;05;0.3237;0.10259999;0;0.95326167;Fora Ponta
3397;05;0.3222;0.1041;0;0.95156655;Fora Ponta
3396;05;0.32339999;0.10079999;0;0.95470033;Fora Ponta
3395;05;0.30779999;0.09539999;0;0.95517312;Fora Ponta
3394;05;0.32309999;0.10019999;0;0.95512471;Fora Ponta
3393;05;0.3282;0.10319999;0;0.95395095;Fora Ponta
3392;05;0.32399999;0.0972;0;0.95782628;Fora Ponta
3391;05;0.31739999;0.09749999;0;0.95591565;Fora Ponta
3390;05;0.32309999;0.0993;0;0.9558749;Fora Ponta
3389;05;0.3195;0.09599999;0;0.95770244;Fora Ponta
3388;05;0.3207;0.0948;0;0.95897891;Fora Ponta
3387;05;0.34439999;0.10319999;0;0.95791809;Fora Ponta
3386;05;0.32189999;0.09929999;0;0.95556695;Fora Ponta
3385;05;0.3324;0.10289999;0;0.95527429;Fora Ponta
3384;05;0.3291;0.10139999;0;0.95566592;Fora Ponta
3383;05;0.3261;0.0987;0;0.95712062;Fora Ponta
3382;05;0.3276;0.0987;0;0.95748776;Fora Ponta
3381;05;0.3303;0.09929999;0;0.95765854;Fora Ponta
3380;05;0.32309999;0.09689999;0;0.95785075;Fora Ponta
3379;05;0.3318;0.09989999;0;0.95753986;Fora Ponta
3378;05;0.33419999;0.10469999;0;0.95426634;Fora Ponta
3377;05;0.3363;0.10199999;0;0.95695257;Fora Ponta
3376;05;0.32519999;0.09749999;0;0.95787491;Fora Ponta
3375;05;0.34469999;0.1065;0;0.95543675;Fora Ponta
3374;05;0.34199999;0.09929999;0;0.96033895;Fora Ponta
3373;05;0.34409999;0.09989999;0;0.96034622;Fora Ponta
3372;05;0.3342;0.09839999;0;0.95928318;Fora Ponta
3371;05;0.3399;0.0969;0;0.96168393;Fora Ponta
3370;05;0.33869999;0.0996;0;0.95937903;Fora Ponta
3369;05;0.34079999;0.10079999;0;0.95893425;Fora Ponta
3368;05;0.34379999;0.10139999;0;0.95915199;Fora Ponta
3367;05;0.3453;0.09569999;0;0.96367368;Fora Ponta
3366;05;0.3324;0.09209999;0;0.96369215;Fora Ponta
3365;05;0.3273;0.0957;0;0.95981257;Fora Ponta
3364;05;0.309;0.0885;0;0.96134764;Fora Ponta
3363;05;0.3051;0.09;0;0.95913993;Fora Ponta
3362;05;0.30119999;0.08549999;0;0.96199258;Fora Ponta
3361;05;0.2964;0.08459999;0;0.96159736;Fora Ponta
3360;04;0.2979;0.08549999;0;0.96119451;Fora Ponta
3359;04;0.2799;0.08579999;0;0.95608867;Fora Ponta
3358;04;0.2835;0.0852;0;0.95768671;Fora Ponta
3357;04;0.26789999;0.07949999;0;0.95867889;Fora Ponta
3356;04;0.2571;0.0756;0;0.95938332;Fora Ponta
3355;04;0.2493;0.0768;0;0.95567949;Fora Ponta
3354;04;0.243;0.0726;0;0.95815123;Fora Ponta
3353;04;0.24659999;0.0774;0;0.95410747;Fora Ponta
3352;04;0.23159999;0.06989999;0;0.95734712;Fora Ponta
3351;04;0.2145;0.063;0;0.95947227;Fora Ponta
3350;04;0.21659999;0.06359999;0;0.95949237;Fora Ponta
3349;04;0.21929999;0.0663;0;0.95721142;Fora Ponta
3348;04;0.22409999;0.06989999;0;0.95463901;Fora Ponta
3347;04;0.22319999;0.072;0;0.95170861;Fora Ponta
3346;04;0.21899999;0.0708;0;0.95151186;Fora Ponta
3345;04;0.21389999;0.0687;0;0.952098;Fora Ponta
3344;04;0.21059999;0.0648;0;0.955779;Fora Ponta
3343;04;0.2082;0.06539999;0;0.95403864;Fora Ponta
3342;04;0.22349999;0.06749999;0;0.95729416;Fora Ponta
3341;04;0.22049999;0.06899999;0;0.95436438;Fora Ponta
3340;04;0.2226;0.0702;0;0.95369914;Fora Ponta
3339;04;0.22799999;0.0696;0;0.95642969;Fora Ponta
3338;04;0.2358;0.0681;0;0.9607359;Fora Ponta
3337;04;0.2448;0.07829999;0;0.95246479;Fora Ponta
3336;04;0.2517;0.07859999;0;0.95454069;Fora Ponta
3335;04;0.24839999;0.07469999;0;0.95763508;Fora Ponta
3334;04;0.2619;0.08099999;0;0.9553521;Fora Ponta
3333;04;0.2673;0.08129999;0;0.95672588;Fora Ponta
3332;04;0.2586;0.08009999;0;0.95522625;Fora Ponta
3331;04;0.26849999;0.08579999;0;0.95254764;Fora Ponta
3330;04;0.27869999;0.0894;0;0.95220969;Fora Ponta
3329;04;0.276;0.0885;0;0.95224371;Fora Ponta
3328;04;0.28499999;0.08879999;0;0.95472999;Fora Ponta
3327;04;0.29579999;0.08879999;0;0.95777279;Fora Ponta
3326;04;0.29309999;0.087;0;0.95865941;Fora Ponta
3325;04;0.2793;0.0822;0;0.95931626;Fora Ponta
3324;04;0.2754;0.08009999;0;0.96021059;Fora Ponta
3323;04;0.273;0.08159999;0;0.95811558;Fora Ponta
3322;04;0.2853;0.08879999;0;0.95481879;Fora Ponta
3321;04;0.2883;0.09179999;0;0.95286064;Fora Ponta
3320;04;0.28769999;0.08789999;0;0.95635931;Fora Ponta
3319;04;0.28319999;0.08639999;0;0.95647733;Fora Ponta
3318;04;0.291;0.0861;0;0.95890774;Fora Ponta
3317;04;0.3006;0.0909;0;0.95719296;Fora Ponta
3316;04;0.30689999;0.09749999;0;0.95306027;Fora Ponta
3315;04;0.3054;0.09599999;0;0.95397839;Fora Ponta
3314;04;0.3162;0.09749999;0;0.9556024;Fora Ponta
3313;04;0.30989999;0.0993;0;0.95230633;Fora Ponta
3312;04;0.31229999;0.0984;0;0.95377632;Fora Ponta
3311;04;0.3192;0.0954;0;0.95812318;Fora Ponta
3310;04;0.32639999;0.0993;0;0.95670582;Fora Ponta
3309;04;0.3318;0.09899999;0;0.95825444;Fora Ponta
3308;04;0.32189999;0.0885;0;0.96422262;Fora Ponta
3307;04;0.33209999;0.09179999;0;0.96385394;Fora Ponta
3306;04;0.3306;0.0945;0;0.96149101;Fora Ponta
3305;04;0.34979999;0.096;0;0.9643427;Fora Ponta
3304;04;0.34409999;0.0969;0;0.96256203;Fora Ponta
3303;04;0.35729999;0.10619999;0;0.95855417;Fora Ponta
3302;04;0.36929999;0.10829999;0;0.95958862;Fora Ponta
3301;04;0.3702;0.10769999;0;0.9601915;Fora Ponta
3300;04;0.37949999;0.11249999;0;0.95875987;Fora Ponta
3299;04;0.37349999;0.10829999;0;0.96043945;Fora Ponta
3298;04;0.39689999;0.11639999;0;0.95958465;Fora Ponta
3297;04;0.41399999;0.1173;0;0.96212672;Fora Ponta
3296;04;0.42209999;0.1146;0;0.96506393;Fora Ponta
3295;04;0.4377;0.12;0;0.96441212;Fora Ponta
3294;04;0.4377;0.1212;0;0.96373524;Fora Ponta
3293;04;0.4263;0.11729999;0;0.96416635;Fora Ponta
3292;04;0.4362;0.12209999;0;0.96298465;Fora Ponta
3291;04;0.4296;0.1167;0;0.96502771;Fora Ponta
3290;04;0.42119999;0.1089;0;0.9681642;Fora Ponta
3289;04;0.4143;0.10949999;0;0.96680193;Fora Ponta
3288;04;0.40499999;0.10949999;0;0.96533905;Fora Ponta
3287;04;0.39659999;0.10649999;0;0.96578483;Fora Ponta
3286;04;0.40709999;0.11009999;0;0.96531979;Fora Ponta
3285;04;0.40229999;0.10949999;0;0.96489653;Fora Ponta
3284;04;0.4029;0.10799999;0;0.96589988;Fora Ponta
3283;04;0.3954;0.10499999;0;0.96650218;Fora Ponta
3282;04;0.40169999;0.10979999;0;0.96461404;Fora Ponta
3281;04;0.4095;0.11429999;0;0.96318355;Fora Ponta
3280;04;0.40679999;0.1113;0;0.9645501;Fora Ponta
3279;04;0.42209999;0.11699999;0;0.96366495;Fora Ponta
3278;04;0.414;0.10979999;0;0.96658281;Fora Ponta
3277;04;0.4095;0.10469999;0;0.9688344;Fora Ponta
3276;04;0.4182;0.10949999;0;0.96738842;Fora Ponta
3275;04;0.40949999;0.1095;0;0.96605851;Fora Ponta
3274;04;0.40289999;0.1023;0;0.96924443;Fora Ponta
3273;04;0.4062;0.1056;0;0.96782946;Fora Ponta
3272;04;0.41159999;0.1056;0;0.96862901;Fora Ponta
3271;04;0.4125;0.10919999;0;0.96670011;Fora Ponta
3270;04;0.39809999;0.10439999;0;0.96729135;Fora Ponta
3269;04;0.3828;0.10049999;0;0.96722165;Fora Ponta
3268;04;0.38159999;0.09689999;0;0.96923942;Fora Ponta
3267;04;0.3747;0.09809999;0;0.96739481;Fora Ponta
3266;04;0.36719999;0.0948;0;0.96825262;Fora Ponta
3265;04;0.34949999;0.09059999;0;0.96800437;Fora Ponta
3264;03;0.348;0.08609999;0;0.97073033;Fora Ponta
3263;03;0.33089999;0.0819;0;0.97070927;Fora Ponta
3262;03;0.31589999;0.0783;0;0.97062853;Fora Ponta
3261;03;0.29579999;0.07529999;0;0.9690929;Fora Ponta
3260;03;0.26789999;0.06899999;0;0.9683957;Fora Ponta
3259;03;0.2592;0.07139999;0;0.96409119;Fora Ponta
3258;03;0.23729999;0.0678;0;0.96152394;Fora Ponta
3257;03;0.2343;0.06839999;0;0.95993114;Fora Ponta
3256;03;0.2244;0.0663;0;0.9590177;Fora Ponta
3255;03;0.20999999;0.06269999;0;0.95820221;Fora Ponta
3254;03;0.2037;0.06089999;0;0.9580977;Fora Ponta
3253;03;0.21209999;0.05909999;0;0.96330287;Fora Ponta
3252;03;0.2055;0.05399999;0;0.96716592;Fora Ponta
3251;03;0.20129999;0.0513;0;0.96902808;Fora Ponta
3250;03;0.2037;0.05369999;0;0.96696376;Fora Ponta
3249;03;0.20369999;0.05249999;0;0.96835519;Ponta
3248;03;0.1956;0.05069999;0;0.96801025;Ponta
3247;03;0.20069999;0.05309999;0;0.96673676;Ponta
3246;03;0.2118;0.05549999;0;0.96734023;Ponta
3245;03;0.2037;0.0519;0;0.96904132;Ponta
3244;03;0.2091;0.05189999;0;0.97055066;Ponta
3243;03;0.21989999;0.06389999;0;0.9602783;Ponta
3242;03;0.22979999;0.0744;0;0.9513803;Ponta
3241;03;0.2364;0.072;0;0.95661505;Ponta
3240;03;0.23489999;0.0735;0;0.95437147;Ponta
3239;03;0.23339999;0.0771;0;0.94953417;Ponta
3238;03;0.24659999;0.078;0;0.95344232;Ponta
3237;03;0.2349;0.0759;0;0.9515596;Fora Ponta
3236;03;0.24389999;0.0807;0;0.94938162;Fora Ponta
3235;03;0.24389999;0.07379999;0;0.95714314;Fora Ponta
3234;03;0.24929999;0.0783;0;0.95404999;Fora Ponta
3233;03;0.2595;0.0804;0;0.95520416;Fora Ponta
3232;03;0.2613;0.08159999;0;0.95453846;Fora Ponta
3231;03;0.2694;0.08489999;0;0.95375907;Fora Ponta
3230;03;0.2814;0.09;0;0.95247129;Fora Ponta
3229;03;0.28589999;0.08549999;0;0.95807495;Fora Ponta
3228;03;0.28469999;0.08639999;0;0.95690559;Fora Ponta
3227;03;0.2709;0.0831;0;0.95603046;Fora Ponta
3226;03;0.2727;0.08429999;0;0.95539185;Fora Ponta
3225;03;0.27959999;0.08399999;0;0.95771308;Fora Ponta
3224;03;0.27989999;0.08429999;0;0.95751501;Fora Ponta
3223;03;0.2892;0.0876;0;0.95705779;Fora Ponta
3222;03;0.31199999;0.0945;0;0.95706309;Fora Ponta
3221;03;0.32249999;0.09899999;0;0.95597108;Fora Ponta
3220;03;0.3147;0.09839999;0;0.95443139;Fora Ponta
3219;03;0.3303;0.1038;0;0.95400079;Fora Ponta
3218;03;0.33299999;0.10439999;0;0.95420424;Fora Ponta
3217;03;0.3297;0.1038;0;0.95384464;Fora Ponta
3216;03;0.32759999;0.1026;0;0.95429319;Fora Ponta
3215;03;0.33209999;0.1026;0;0.95544247;Fora Ponta
3214;03;0.34619999;0.10319999;0;0.95832765;Fora Ponta
3213;03;0.34349999;0.09929999;0;0.96066445;Fora Ponta
3212;03;0.36329999;0.1053;0;0.96046943;Fora Ponta
3211;03;0.36119999;0.1047;0;0.96046327;Fora Ponta
3210;03;0.3528;0.10619999;0;0.95755693;Fora Ponta
3209;03;0.3681;0.1074;0;0.9599737;Fora Ponta
3208;03;0.3792;0.10739999;0;0.96215334;Fora Ponta
3207;03;0.39749999;0.10799999;0;0.96501548;Fora Ponta
3206;03;0.40709999;0.11189999;0;0.96423717;Fora Ponta
3205;03;0.40289999;0.10649999;0;0.9667942;Fora Ponta
3204;03;0.41819999;0.11279999;0;0.96549528;Fora Ponta
3203;03;0.41099999;0.1098;0;0.96611779;Fora Ponta
3202;03;0.41279999;0.11219999;0;0.96499003;Fora Ponta
3201;03;0.44339999;0.11489999;0;0.96802635;Fora Ponta
3200;03;0.45;0.1152;0;0.96875941;Fora Ponta
3199;03;0.45479999;0.11429999;0;0.9698407;Fora Ponta
3198;03;0.4674;0.1212;0;0.96798571;Fora Ponta
3197;03;0.4536;0.11399999;0;0.9698399;Fora Ponta
3196;03;0.46319999;0.1209;0;0.96758398;Fora Ponta
3195;03;0.4665;0.12239999;0;0.9672596;Fora Ponta
3194;03;0.4578;0.1161;0;0.9693149;Fora Ponta
3193;03;0.4446;0.1152;0;0.96803215;Fora Ponta
3192;03;0.44039999;0.1137;0;0.96825157;Fora Ponta
3191;03;0.43529999;0.10949999;0;0.96978763;Fora Ponta
3190;03;0.4221;0.1074;0;0.96912111;Fora Ponta
3189;03;0.4089;0.1056;0;0.96823295;Fora Ponta
3188;03;0.42089999;0.11129999;0;0.96677037;Fora Ponta
3187;03;0.4155;0.10859999;0;0.96749847;Fora Ponta
3186;03;0.4173;0.1074;0;0.96844013;Fora Ponta
3185;03;0.42389999;0.1089;0;0.96854959;Fora Ponta
3184;03;0.4362;0.11549999;0;0.96668587;Fora Ponta
3183;03;0.42899999;0.11099999;0;0.96811861;Fora Ponta
3182;03;0.44489999;0.11519999;0;0.9680732;Fora Ponta
3181;03;0.44339999;0.11069999;0;0.97021967;Fora Ponta
3180;03;0.44279999;0.11159999;0;0.96967698;Fora Ponta
3179;03;0.44849999;0.11489999;0;0.96871581;Fora Ponta
3178;03;0.45419999;0.1167;0;0.9685414;Fora Ponta
3177;03;0.44939999;0.1122;0;0.97021864;Fora Ponta
3176;03;0.44189999;0.11069999;0;0.97002617;Fora Ponta
3175;03;0.4335;0.1101;0;0.96922822;Fora Ponta
3174;03;0.44729999;0.11789999;0;0.96697365;Fora Ponta
3173;03;0.4452;0.11609999;0;0.96763804;Fora Ponta
3172;03;0.41279999;0.10799999;0;0.96743783;Fora Ponta
3171;03;0.3942;0.10169999;0;0.96829457;Fora Ponta
3170;03;0.3939;0.10259999;0;0.96771112;Fora Ponta
3169;03;0.3813;0.0987;0;0.96809277;Fora Ponta
3168;02;0.363;0.0852;0;0.97354364;Fora Ponta
3167;02;0.36119999;0.0885;0;0.97127067;Fora Ponta
3166;02;0.3165;0.08129999;0;0.96855616;Fora Ponta
3165;02;0.30989999;0.07919999;0;0.96886028;Fora Ponta
3164;02;0.27779999;0.0717;0;0.96826916;Fora Ponta
3163;02;0.25949999;0.0696;0;0.96586328;Fora Ponta
3162;02;0.258;0.07139999;0;0.96377435;Fora Ponta
3161;02;0.2541;0.0684;0;0.96562676;Fora Ponta
3160;02;0.24089999;0.0657;0;0.96476382;Fora Ponta
3159;02;0.23249999;0.06029999;0;0.96797441;Fora Ponta
3158;02;0.22649999;0.0615;0;0.96505818;Fora Ponta
3157;02;0.2274;0.05969999;0;0.96722313;Fora Ponta
3156;02;0.23249999;0.0633;0;0.96487865;Fora Ponta
3155;02;0.22409999;0.06;0;0.9659769;Fora Ponta
3154;02;0.2208;0.06059999;0;0.96433926;Fora Ponta
3153;02;0.2208;0.0588;0;0.96632205;Ponta
3152;02;0.21899999;0.05819999;0;0.96645432;Ponta
3151;02;0.21599999;0.05549999;0;0.96853926;Ponta
3150;02;0.21119999;0.05819999;0;0.96406521;Ponta
3149;02;0.21959999;0.0624;0;0.96191965;Ponta
3148;02;0.22019999;0.06449999;0;0.9596772;Ponta
3147;02;0.2259;0.0633;0;0.96291087;Ponta
3146;02;0.23129999;0.0657;0;0.96194653;Ponta
3145;02;0.23639999;0.07319999;0;0.95525327;Ponta
3144;02;0.23549999;0.0732;0;0.95493342;Ponta
3143;02;0.25139999;0.0768;0;0.95636928;Ponta
3142;02;0.25439999;0.07769999;0;0.95638658;Ponta
3141;02;0.2667;0.0828;0;0.95503267;Fora Ponta
3140;02;0.27299999;0.0837;0;0.95607383;Fora Ponta
3139;02;0.2904;0.0882;0;0.95684131;Fora Ponta
3138;02;0.2829;0.08129999;0;0.96109974;Fora Ponta
3137;02;0.2823;0.07469999;0;0.96672764;Fora Ponta
3136;02;0.29279999;0.0837;0;0.96148676;Fora Ponta
3135;02;0.3045;0.09059999;0;0.95847359;Fora Ponta
3134;02;0.3141;0.08969999;0;0.96155859;Fora Ponta
3133;02;0.3156;0.0882;0;0.96309701;Fora Ponta
3132;02;0.31649999;0.0846;0;0.96608278;Fora Ponta
3131;02;0.30929999;0.0861;0;0.9633705;Fora Ponta
3130;02;0.3066;0.0921;0;0.95772305;Fora Ponta
3129;02;0.3135;0.0939;0;0.95795234;Fora Ponta
3128;02;0.3231;0.0942;0;0.96002994;Fora Ponta
3127;02;0.32489999;0.0963;0;0.95877131;Fora Ponta
3126;02;0.3291;0.09839999;0;0.95809029;Fora Ponta
3125;02;0.3297;0.08969999;0;0.96492573;Fora Ponta
3124;02;0.3354;0.0957;0;0.96162126;Fora Ponta
3123;02;0.34109999;0.09809999;0;0.96104404;Fora Ponta
3122;02;0.34109999;0.09419999;0;0.96391763;Fora Ponta
3121;02;0.3489;0.10169999;0;0.96004621;Fora Ponta
3120;02;0.34199999;0.0972;0;0.9619051;Fora Ponta
3119;02;0.3591;0.10649999;0;0.95872536;Fora Ponta
3118;02;0.3606;0.10199999;0;0.96224561;Fora Ponta
3117;02;0.37049999;0.099;0;0.96610497;Fora Ponta
3116;02;0.3813;0.10289999;0;0.96546157;Fora Ponta
3115;02;0.38309999;0.10139999;0;0.96671073;Fora Ponta
3114;02;0.40409999;0.11279999;0;0.96317907;Fora Ponta
3113;02;0.39689999;0.1104;0;0.96342395;Fora Ponta
3112;02;0.39629999;0.1209;0;0.95648075;Fora Ponta
3111;02;0.4074;0.1263;0;0.95515334;Fora Ponta
3110;02;0.4224;0.12389999;0;0.95957143;Fora Ponta
3109;02;0.42179999;0.11819999;0;0.96290709;Fora Ponta
3108;02;0.44279999;0.12179999;0;0.96418868;Fora Ponta
3107;02;0.43709999;0.1176;0;0.96566053;Fora Ponta
3106;02;0.45209999;0.12299999;0;0.96492617;Fora Ponta
3105;02;0.46679999;0.12389999;0;0.96653327;Fora Ponta
3104;02;0.4647;0.1203;0;0.9680868;Fora Ponta
3103;02;0.46109999;0.12;0;0.96776421;Fora Ponta
3102;02;0.4599;0.1209;0;0.96713988;Fora Ponta
3101;02;0.47399999;0.1152;0;0.97171339;Fora Ponta
3100;02;0.4638;0.1137;0;0.971241;Fora Ponta
3099;02;0.4638;0.1152;0;0.97051064;Fora Ponta
3098;02;0.46109999;0.1182;0;0.96867941;Fora Ponta
3097;02;0.44639999;0.11579999;0;0.96796177;Fora Ponta
3096;02;0.44519999;0.1185;0;0.96635372;Fora Ponta
3095;02;0.43889999;0.11249999;0;0.96868428;Fora Ponta
3094;02;0.4245;0.10829999;0;0.96896309;Fora Ponta
3093;02;0.42899999;0.1152;0;0.96578509;Fora Ponta
3092;02;0.4224;0.11249999;0;0.96631462;Fora Ponta
3091;02;0.42779999;0.1128;0;0.96695145;Fora Ponta
3090;02;0.44219999;0.1182;0;0.96608247;Fora Ponta
3089;02;0.43649999;0.1197;0;0.96439578;Fora Ponta
3088;02;0.44129999;0.11969999;0;0.96512628;Fora Ponta
3087;02;0.45329999;0.12329999;0;0.96494044;Fora Ponta
3086;02;0.4458;0.12329999;0;0.96381466;Fora Ponta
3085;02;0.44129999;0.1164;0;0.96692963;Fora Ponta
3084;02;0.43799999;0.11729999;0;0.96595986;Fora Ponta
3083;02;0.44189999;0.11309999;0;0.96877331;Fora Ponta
3082;02;0.4488;0.11639999;0;0.9679736;Fora Ponta
3081;02;0.45089999;0.1149;0;0.96903268;Fora Ponta
3080;02;0.44129999;0.11309999;0;0.96869229;Fora Ponta
3079;02;0.4275;0.1137;0;0.96640357;Fora Ponta
3078;02;0.4203;0.11099999;0;0.96685068;Fora Ponta
3077;02;0.4134;0.1056;0;0.96888901;Fora Ponta
3076;02;0.411;0.10619999;0;0.96820005;Fora Ponta
3075;02;0.3951;0.09899999;0;0.97001238;Fora Ponta
3074;02;0.37499999;0.0933;0;0.97041588;Fora Ponta
3073;02;0.38039999;0.09689999;0;0.96905397;Fora Ponta
3072;01;0.37649999;0.0963;0;0.96881132;Fora Ponta
3071;01;0.36359999;0.0894;0;0.97107778;Fora Ponta
3070;01;0.3369;0.0822;0;0.9715009;Fora Ponta
3069;01;0.3045;0.0822;0;0.96544104;Fora Ponta
3068;01;0.27869999;0.07289999;0;0.96745117;Fora Ponta
3067;01;0.26489999;0.0717;0;0.96526658;Fora Ponta
3066;01;0.26399999;0.0711;0;0.96559456;Fora Ponta
3065;01;0.2496;0.0702;0;0.96265094;Fora Ponta
3064;01;0.2223;0.0594;0;0.96610497;Fora Ponta
3063;01;0.20939999;0.05219999;0;0.97030582;Fora Ponta
3062;01;0.20639999;0.05489999;0;0.96639794;Fora Ponta
3061;01;0.207;0.0552;0;0.96623493;Fora Ponta
3060;01;0.19679999;0.05189999;0;0.96694075;Fora Ponta
3059;01;0.2016;0.05369999;0;0.9663065;Fora Ponta
3058;01;0.20129999;0.05219999;0;0.96798391;Fora Ponta
3057;01;0.19499999;0.05339999;0;0.96448936;Ponta
3056;01;0.20579999;0.0564;0;0.96443865;Ponta
3055;01;0.21959999;0.06269999;0;0.9615735;Ponta
3054;01;0.21689999;0.06359999;0;0.95959765;Ponta
3053;01;0.2238;0.0672;0;0.95775558;Ponta
3052;01;0.23159999;0.06839999;0;0.95904839;Ponta
3051;01;0.22979999;0.0705;0;0.95602155;Ponta
3050;01;0.23609999;0.06989999;0;0.95885954;Ponta
3049;01;0.24119999;0.06749999;0;0.96300132;Ponta
3048;01;0.2352;0.0705;0;0.95789351;Ponta
3047;01;0.23909999;0.069;0;0.96079271;Ponta
3046;01;0.23849999;0.0645;0;0.96532205;Ponta
3045;01;0.24779999;0.06899999;0;0.96335063;Fora Ponta
3044;01;0.2607;0.07799999;0;0.95803842;Fora Ponta
3043;01;0.17129999;0.05009999;0;0.95979265;Fora Ponta
3042;01;-;-;-;-;-
3041;01;-;-;-;-;-
3040;01;-;-;-;-;-
3039;01;-;-;-;-;-
3038;01;-;-;-;-;-
3037;01;-;-;-;-;-
3036;01;-;-;-;-;-
3035;01;-;-;-;-;-
3034;01;-;-;-;-;-
3033;01;-;-;-;-;-
3032;01;-;-;-;-;-
3031;01;-;-;-;-;-
3030;01;-;-;-;-;-
3029;01;-;-;-;-;-
3028;01;-;-;-;-;-
3027;01;-;-;-;-;-
3026;01;-;-;-;-;-
3025;01;-;-;-;-;-
3024;01;-;-;-;-;-
3023;01;-;-;-;-;-
3022;01;-;-;-;-;-
3021;01;-;-;-;-;-
3020;01;-;-;-;-;-
3019;01;-;-;-;-;-
3018;01;-;-;-;-;-
3017;01;-;-;-;-;-
3016;01;-;-;-;-;-
3015;01;-;-;-;-;-
3014;01;-;-;-;-;-
3013;01;-;-;-;-;-
3012;01;-;-;-;-;-
3011;01;-;-;-;-;-
3010;01;-;-;-;-;-
3009;01;-;-;-;-;-
3008;01;-;-;-;-;-
3007;01;-;-;-;-;-
3006;01;-;-;-;-;-
3005;01;-;-;-;-;-
3004;01;-;-;-;-;-
3003;01;-;-;-;-;-
3002;01;-;-;-;-;-
3001;01;-;-;-;-;-
3000;01;-;-;-;-;-
2999;01;-;-;-;-;-
2998;01;-;-;-;-;-
2997;01;-;-;-;-;-
2996;01;-;-;-;-;-
2995;01;-;-;-;-;-
2994;01;-;-;-;-;-
2993;01;-;-;-;-;-
2992;01;-;-;-;-;-
2991;01;-;-;-;-;-
2990;01;-;-;-;-;-
2989;01;-;-;-;-;-
2988;01;-;-;-;-;-
2987;01;-;-;-;-;-
2986;01;-;-;-;-;-
2985;01;-;-;-;-;-
2984;01;-;-;-;-;-
2983;01;-;-;-;-;-
2982;01;-;-;-;-;-
2981;01;-;-;-;-;-
2980;01;-;-;-;-;-
2979;01;-;-;-;-;-
2978;01;-;-;-;-;-
2977;01;0.25739999;0.0771;0;0.95794911;Fora Ponta
